tf_name,devvcell_system,stage,stage_num,target_stage,n_cells,stimulus_mode,stimulus_response_norm,fate_displacement_from_baseline,cell_level_feedback_cost_proxy,cell_level_recovery_probability_proxy,alignment_with_normal_transition,transition_norm,stimulus_strength,grn_evidence_scale,temporal_sensitivity_norm,stage_vulnerability_score,devvcell_priority_score,response_amplitude_proxy,feedback_cost,matched_global_grn_targets,matched_system_targets,gene_delta_norm,mapped_systems,stimulus_response_rank
Eya1,erythroid,Theiler stage 12,12,Theiler stage 13,200,tf_knockdown_zero_shot_grn_projection,2.6596736907958984,2.6596739292144775,2.5695345179797653,0.00033546262790251185,-0.0697517991065979,3.3876054286956787,2.659673835216225,1.1607044810226723,0.895237171865654,0.6011733524950248,0.6874957220103752,0.5933461425649844,0.9661089354201344,10,27,0.4365304112434387,erythroid progenitor cell;hematopoietic stem cell;primitive erythroid progenitor,1
Lef1,erythroid,Theiler stage 12,12,Theiler stage 13,200,tf_knockdown_zero_shot_grn_projection,2.462635040283203,2.4626352787017822,2.462635040283203,0.00033546262790251185,-0.025664592161774635,3.565711498260498,2.462635111724084,1.1255628912066293,0.7490059250832296,0.6011733524950248,0.6669700902954203,0.5987735608331716,1.0,10,24,0.39132893085479736,erythroid progenitor cell;hematopoietic stem cell;primitive erythroid progenitor,2
Nrg1,erythroid,Theiler stage 12,12,Theiler stage 13,200,tf_knockdown_zero_shot_grn_projection,1.9840216636657715,1.9840213060379028,1.9840216636657715,0.00035760316835068985,-0.034085385501384735,3.8263895511627197,1.9840215120088083,1.0499751367150985,0.3895396203930418,0.6011733524950248,0.562445635633383,0.6958264708898145,1.0,10,17,0.30247265100479126,erythroid progenitor cell;hematopoietic stem cell;primitive erythroid progenitor,3
Eya1,mesoderm_muscle,Theiler stage 12,12,Theiler stage 13,200,tf_knockdown_zero_shot_grn_projection,1.8615527153015137,1.8615528345108032,1.798462712008406,0.0007511908219219604,0.031071733683347702,2.6448192596435547,1.8615526157874243,1.0405559032583258,0.895237171865654,0.6011733524950248,0.6874957220103752,0.5933461425649844,0.9661089354201344,10,22,0.2922006845474243,cardiac muscle cell;muscle precursor cell;myoblast;myotube,4
Zbtb16,erythroid,Theiler stage 12,12,Theiler stage 13,200,tf_knockdown_zero_shot_grn_projection,1.7227652072906494,1.722765326499939,1.7227652072906494,0.001016834580864422,-0.05237680301070213,3.5172348022460938,1.7227654918675686,1.1216339305417984,0.3895396203930418,0.6011733524950248,0.532417423355394,0.5690301081885955,1.0,10,26,0.38642874360084534,erythroid progenitor cell;hematopoietic stem cell;primitive erythroid progenitor,5
Eya4,erythroid,Theiler stage 12,12,Theiler stage 13,200,tf_knockdown_zero_shot_grn_projection,1.6659501791000366,1.6659499406814575,1.6659501791000366,0.0012762863380161103,-0.01891540363430977,3.184644937515259,1.6659500492443609,1.0620856878553222,0.3895396203930418,0.6011733524950248,0.5801603409284204,0.6929618611863627,1.0,10,16,0.31594032049179077,erythroid progenitor cell;hematopoietic stem cell;primitive erythroid progenitor,6
Lef1,mesoderm_muscle,Theiler stage 12,12,Theiler stage 13,200,tf_knockdown_zero_shot_grn_projection,1.6384375095367432,1.6384378671646118,1.6384375095367432,0.0014247626534065368,-0.03233543038368225,2.5545401573181152,1.6384378736923721,1.0452812131197093,0.7490059250832296,0.6011733524950248,0.6669700902954203,0.5987735608331716,1.0,10,22,0.2973316013813019,cardiac muscle cell;muscle precursor cell;myoblast;myotube,7
Pax3,erythroid,Theiler stage 12,12,Theiler stage 13,200,tf_knockdown_zero_shot_grn_projection,1.5378111600875854,1.537811040878296,1.5378111600875854,0.002130828004374499,-0.0823775976896286,3.3745274543762207,1.5378111490189708,1.0474959254439815,0.3895396203930418,0.6011733524950248,0.5626863715216118,0.5653866848062744,1.0,10,17,0.29975178837776184,erythroid progenitor cell;hematopoietic stem cell;primitive erythroid progenitor,8
Satb1,erythroid,Theiler stage 12,12,Theiler stage 13,200,tf_knockdown_zero_shot_grn_projection,1.5362958908081055,1.5362961292266846,1.2301442512869367,0.007294920425550088,0.07973241060972214,3.61523175239563,1.5362959992934655,1.0956935444045799,0.2396488468089561,0.6011733524950248,0.5203752443922943,0.6142587271495793,0.8007209149273125,10,23,0.35485079884529114,erythroid progenitor cell;hematopoietic stem cell;primitive erythroid progenitor,9
Eya1,neural,Theiler stage 12,12,Theiler stage 13,200,tf_knockdown_zero_shot_grn_projection,1.5093213319778442,1.5093213319778442,1.4581688252440144,0.002930227244894786,0.06320340186357498,2.3827362060546875,1.5093214469579799,0.9364657097180245,0.895237171865654,0.6011733524950248,0.6874957220103752,0.5933461425649844,0.9661089354201344,10,8,0.1905023157596588,neural cell,10
Satb2,erythroid,Theiler stage 12,12,Theiler stage 13,200,tf_knockdown_zero_shot_grn_projection,1.4078576564788818,1.4078576564788818,1.2369503869945104,0.007098998594020803,-0.0163537859916687,3.3988096714019775,1.4078578092948508,1.0627116758700876,0.011343439613128253,0.6011733524950248,0.8485568526711808,1.0,0.8786047234975314,10,17,0.31664443016052246,erythroid progenitor cell;hematopoietic stem cell;primitive erythroid progenitor,11
Eya4,mesoderm_muscle,Theiler stage 12,12,Theiler stage 13,200,tf_knockdown_zero_shot_grn_projection,1.3481298685073853,1.3481297492980957,1.3481298685073853,0.004550494029371694,-0.04045851528644562,2.5051844120025635,1.3481298533493238,1.0925734055192233,0.3895396203930418,0.6011733524950248,0.5801603409284204,0.6929618611863627,1.0,10,23,0.3511432409286499,cardiac muscle cell;muscle precursor cell;myoblast;myotube,12
Nrg1,mesoderm_muscle,Theiler stage 12,12,Theiler stage 13,200,tf_knockdown_zero_shot_grn_projection,1.3391340970993042,1.3391340970993042,1.3391340970993042,0.004717216450561965,-0.03624656796455383,2.5761168003082275,1.3391340688529256,1.0526411159817024,0.3895396203930418,0.6011733524950248,0.562445635633383,0.6958264708898145,1.0,10,13,0.3054122030735016,cardiac muscle cell;muscle precursor cell;myoblast;myotube,13
Lef1,neural,Theiler stage 12,12,Theiler stage 13,200,tf_knockdown_zero_shot_grn_projection,1.303816795349121,1.3038169145584106,1.303816795349121,0.005432981690909227,0.16067390143871307,2.418262481689453,1.3038166294012115,0.878676433280015,0.7490059250832296,0.6011733524950248,0.6669700902954203,0.5987735608331716,1.0,10,3,0.14339584112167358,neural cell,14
Zbtb16,mesoderm_muscle,Theiler stage 12,12,Theiler stage 13,200,tf_knockdown_zero_shot_grn_projection,1.1848976612091064,1.184897780418396,1.1848976612091064,0.00874222412768656,-0.039907582104206085,2.4317376613616943,1.1848978032118236,1.1158106693343983,0.3895396203930418,0.6011733524950248,0.532417423355394,0.5690301081885955,1.0,10,25,0.3792227804660797,cardiac muscle cell;muscle precursor cell;myoblast;myotube,15
Pax3,mesoderm_muscle,Theiler stage 12,12,Theiler stage 13,200,tf_knockdown_zero_shot_grn_projection,1.165826678276062,1.165826678276062,1.165826678276062,0.009435211224250674,0.1888073980808258,2.529324531555176,1.165826713557597,1.0594775271091315,0.3895396203930418,0.6011733524950248,0.5626863715216118,0.5653866848062744,1.0,10,19,0.3130151033401489,cardiac muscle cell;muscle precursor cell;myoblast;myotube,16
Satb1,mesoderm_muscle,Theiler stage 12,12,Theiler stage 13,200,tf_knockdown_zero_shot_grn_projection,1.1021490097045898,1.1021490097045898,0.8825137634368906,0.029303302566009815,-0.05582759901881218,2.576205253601074,1.1021490390582387,1.1030881287367995,0.2396488468089561,0.6011733524950248,0.5203752443922943,0.6142587271495793,0.8007209149273125,10,25,0.3637152910232544,cardiac muscle cell;muscle precursor cell;myoblast;myotube,17
Eya4,neural,Theiler stage 12,12,Theiler stage 13,200,tf_knockdown_zero_shot_grn_projection,1.0794445276260376,1.079444408416748,1.0794445276260376,0.013329467267696217,0.24787087738513947,2.4108166694641113,1.0794444837497637,0.9090645566674411,0.3895396203930418,0.6011733524950248,0.5801603409284204,0.6929618611863627,1.0,10,5,0.16733381152153015,neural cell,18
Satb2,mesoderm_muscle,Theiler stage 12,12,Theiler stage 13,200,tf_knockdown_zero_shot_grn_projection,1.0502281188964844,1.0502281188964844,0.9227353860123781,0.024948500867780495,0.09077577292919159,2.384167194366455,1.050228170844049,1.1301353480634486,0.011343439613128253,0.6011733524950248,0.8485568526711808,1.0,0.8786047234975314,10,33,0.3970705568790436,cardiac muscle cell;muscle precursor cell;myoblast;myotube,19
Nrg1,neural,Theiler stage 12,12,Theiler stage 13,200,tf_knockdown_zero_shot_grn_projection,1.0079771280288696,1.0079771280288696,1.0079771280288696,0.01774043977978894,-0.08541761338710785,2.2917838096618652,1.007977111284287,0.8906331252206712,0.3895396203930418,0.6011733524950248,0.562445635633383,0.6958264708898145,1.0,10,4,0.15259423851966858,neural cell,20
Zbtb16,neural,Theiler stage 12,12,Theiler stage 13,200,tf_knockdown_zero_shot_grn_projection,0.9976292252540588,0.9976292252540588,0.9976292252540588,0.01849015406980329,0.028665104880928993,2.316706418991089,0.9976293470664132,0.9861081556578515,0.3895396203930418,0.6011733524950248,0.532417423355394,0.5690301081885955,1.0,10,7,0.23630113899707794,neural cell,21
Satb2,erythroid,Theiler stage 15,15,Theiler stage 16,200,tf_knockdown_zero_shot_grn_projection,0.9916915893554688,0.9916917085647583,0.8713049146604891,0.03064702580572476,-0.010273374617099762,1.4427021741867065,0.9916915479576752,1.0627116758700876,0.4115826670035582,0.6049293945595217,0.8485568526711808,1.0,0.8786047234975314,10,17,0.31664443016052246,erythroid progenitor cell;hematopoietic stem cell;primitive erythroid progenitor,22
Eya1,erythroid,Theiler stage 15,15,Theiler stage 16,200,tf_knockdown_zero_shot_grn_projection,0.9844864010810852,0.9844863414764404,0.9511211088840467,0.022270676175939568,-0.015234498307108879,1.3668044805526733,0.9844862811649099,1.1607044810226723,0.7678105390875062,0.6049293945595217,0.6874957220103752,0.5933461425649844,0.9661089354201344,10,27,0.4365304112434387,erythroid progenitor cell;hematopoietic stem cell;primitive erythroid progenitor,23
Pax3,neural,Theiler stage 12,12,Theiler stage 13,200,tf_knockdown_zero_shot_grn_projection,0.9036197066307068,0.9036195278167725,0.9036197066307068,0.02693095726098528,-0.03558081015944481,2.350860595703125,0.9036195085080824,0.8835294393793367,0.3895396203930418,0.6011733524950248,0.5626863715216118,0.5653866848062744,1.0,10,6,0.14709483087062836,neural cell,24
Eya1,erythroid,Theiler stage 13,13,Theiler stage 14,200,tf_knockdown_zero_shot_grn_projection,0.8604510426521301,0.8604510426521301,0.8312894407977941,0.03596684406171697,-0.012755460105836391,1.2197588682174683,0.8604511089863209,1.1607044810226723,0.8713309692832946,0.4880959705471063,0.6874957220103752,0.5933461425649844,0.9661089354201344,10,27,0.4365304112434387,erythroid progenitor cell;hematopoietic stem cell;primitive erythroid progenitor,25
Satb1,neural,Theiler stage 12,12,Theiler stage 13,200,tf_knockdown_zero_shot_grn_projection,0.8378298878669739,0.8378299474716187,0.6708679143662909,0.0683255390660732,0.2957153618335724,2.355339527130127,0.8378298885778042,0.9171759850273726,0.2396488468089561,0.6011733524950248,0.5203752443922943,0.6142587271495793,0.8007209149273125,10,6,0.17403580248355865,neural cell,26
Satb2,neural,Theiler stage 12,12,Theiler stage 13,200,tf_knockdown_zero_shot_grn_projection,0.8124803304672241,0.8124803900718689,0.7138490560973384,0.057533020618168604,0.2742774784564972,2.1864709854125977,0.8124804098368892,0.9533506850849907,0.011343439613128253,0.6011733524950248,0.8485568526711808,1.0,0.8786047234975314,10,7,0.20552684366703033,neural cell,27
Lef1,erythroid,Theiler stage 15,15,Theiler stage 16,200,tf_knockdown_zero_shot_grn_projection,0.7475470900535583,0.7475470900535583,0.7475470900535583,0.05027796546326969,0.026614081114530563,1.1703280210494995,0.7475470015756611,1.1255628912066293,0.6440534452943396,0.6049293945595217,0.6669700902954203,0.5987735608331716,1.0,10,24,0.39132893085479736,erythroid progenitor cell;hematopoietic stem cell;primitive erythroid progenitor,28
Lef1,erythroid,Theiler stage 13,13,Theiler stage 14,200,tf_knockdown_zero_shot_grn_projection,0.7159914970397949,0.7159914970397949,0.7159914970397949,0.057042082837479816,-0.008942392654716969,1.162021279335022,0.7159915042902295,1.1255628912066293,0.7180667880421227,0.4880959705471063,0.6669700902954203,0.5987735608331716,1.0,10,24,0.39132893085479736,erythroid progenitor cell;hematopoietic stem cell;primitive erythroid progenitor,29
Pax3,erythroid,Theiler stage 15,15,Theiler stage 16,200,tf_knockdown_zero_shot_grn_projection,0.6664814949035645,0.6664815545082092,0.6664814949035645,0.06953493578009766,0.00413093576207757,1.4582977294921875,0.6664814902223559,1.0474959254439815,0.3895396203930418,0.6049293945595217,0.5626863715216118,0.5653866848062744,1.0,10,17,0.29975178837776184,erythroid progenitor cell;hematopoietic stem cell;primitive erythroid progenitor,30
Eya1,erythroid,Theiler stage 14,14,Theiler stage 15,200,tf_knockdown_zero_shot_grn_projection,0.6384610533714294,0.6384609937667847,0.6168229285798893,0.08481424945120462,0.012590267695486546,0.8511378169059753,0.638461047298392,1.1607044810226723,0.844159720910775,0.5871494513452701,0.6874957220103752,0.5933461425649844,0.9661089354201344,10,27,0.4365304112434387,erythroid progenitor cell;hematopoietic stem cell;primitive erythroid progenitor,31
Eya4,erythroid,Theiler stage 15,15,Theiler stage 16,200,tf_knockdown_zero_shot_grn_projection,0.6212382316589355,0.6212382316589355,0.6212382316589355,0.08332947701858458,-0.04167754948139191,1.1841462850570679,0.6212382205223844,1.0620856878553222,0.3895396203930418,0.6049293945595217,0.5801603409284204,0.6929618611863627,1.0,10,16,0.31594032049179077,erythroid progenitor cell;hematopoietic stem cell;primitive erythroid progenitor,32
Nrg1,erythroid,Theiler stage 13,13,Theiler stage 14,200,tf_knockdown_zero_shot_grn_projection,0.6113392114639282,0.6113392114639282,0.6113392114639282,0.08669519256106081,0.005864045582711697,1.2912452220916748,0.6113392569913119,1.0499751367150985,0.3895396203930418,0.4880959705471063,0.562445635633383,0.6958264708898145,1.0,10,17,0.30247265100479126,erythroid progenitor cell;hematopoietic stem cell;primitive erythroid progenitor,33
Nrg1,erythroid,Theiler stage 15,15,Theiler stage 16,200,tf_knockdown_zero_shot_grn_projection,0.5991559624671936,0.5991560220718384,0.5991559624671936,0.091024748320944,-0.0842086598277092,1.1522079706192017,0.5991560149405241,1.0499751367150985,0.3895396203930418,0.6049293945595217,0.562445635633383,0.6958264708898145,1.0,10,17,0.30247265100479126,erythroid progenitor cell;hematopoietic stem cell;primitive erythroid progenitor,34
Eya4,erythroid,Theiler stage 13,13,Theiler stage 14,200,tf_knockdown_zero_shot_grn_projection,0.5784369111061096,0.5784368515014648,0.5784369111061096,0.09888995186785549,0.004367239307612181,1.2109849452972412,0.5784369975931285,1.0620856878553222,0.3895396203930418,0.4880959705471063,0.5801603409284204,0.6929618611863627,1.0,10,16,0.31594032049179077,erythroid progenitor cell;hematopoietic stem cell;primitive erythroid progenitor,35
Satb1,erythroid,Theiler stage 15,15,Theiler stage 16,200,tf_knockdown_zero_shot_grn_projection,0.5425243377685547,0.5425243973731995,0.4344105841083714,0.17593470687618512,-0.1219915971159935,1.2666211128234863,0.5425243293934606,1.0956935444045799,0.24387783771326485,0.6049293945595217,0.5203752443922943,0.6142587271495793,0.8007209149273125,10,23,0.35485079884529114,erythroid progenitor cell;hematopoietic stem cell;primitive erythroid progenitor,36
Zbtb16,erythroid,Theiler stage 13,13,Theiler stage 14,200,tf_knockdown_zero_shot_grn_projection,0.5320925712585449,0.5320926308631897,0.5320925712585449,0.11903112266865952,0.010085364803671837,1.1897236108779907,0.53209263200213,1.1216339305417984,0.3895396203930418,0.4880959705471063,0.532417423355394,0.5690301081885955,1.0,10,26,0.38642874360084534,erythroid progenitor cell;hematopoietic stem cell;primitive erythroid progenitor,37
Lef1,erythroid,Theiler stage 14,14,Theiler stage 15,200,tf_knockdown_zero_shot_grn_projection,0.5205192565917969,0.5205193758010864,0.5205192565917969,0.12467099814418878,0.048310160636901855,0.7839872241020203,0.5205192772446788,1.1255628912066293,0.7109737888905459,0.5871494513452701,0.6669700902954203,0.5987735608331716,1.0,10,24,0.39132893085479736,erythroid progenitor cell;hematopoietic stem cell;primitive erythroid progenitor,38
Zbtb16,erythroid,Theiler stage 15,15,Theiler stage 16,200,tf_knockdown_zero_shot_grn_projection,0.515376091003418,0.5153760313987732,0.515376091003418,0.12726237687806422,-0.06198102980852127,1.049174189567566,0.5153760751976479,1.1216339305417984,0.3895396203930418,0.6049293945595217,0.532417423355394,0.5690301081885955,1.0,10,26,0.38642874360084534,erythroid progenitor cell;hematopoietic stem cell;primitive erythroid progenitor,39
Pax3,erythroid,Theiler stage 13,13,Theiler stage 14,200,tf_knockdown_zero_shot_grn_projection,0.503766655921936,0.5037667751312256,0.503766655921936,0.13331152136490473,-0.05126907676458359,1.2106624841690063,0.5037667350453823,1.0474959254439815,0.3895396203930418,0.4880959705471063,0.5626863715216118,0.5653866848062744,1.0,10,17,0.29975178837776184,erythroid progenitor cell;hematopoietic stem cell;primitive erythroid progenitor,40
Satb2,erythroid,Theiler stage 14,14,Theiler stage 15,200,tf_knockdown_zero_shot_grn_projection,0.49546054005622864,0.4954605996608734,0.4353139708000403,0.17530010585577613,0.005430565215647221,0.8445495963096619,0.49546061157819526,1.0627116758700876,0.2752728707771155,0.5871494513452701,0.8485568526711808,1.0,0.8786047234975314,10,17,0.31664443016052246,erythroid progenitor cell;hematopoietic stem cell;primitive erythroid progenitor,41
Satb2,mesoderm_muscle,Theiler stage 18,18,Theiler stage 19,200,tf_knockdown_zero_shot_grn_projection,0.48780643939971924,0.4878064692020416,0.4285890418091056,0.18007962456010596,-0.11114843934774399,0.7425731420516968,0.487806464228748,1.1301353480634486,0.5524962560010853,0.3293006611097032,0.8485568526711808,1.0,0.8786047234975314,10,33,0.3970705568790436,cardiac muscle cell;muscle precursor cell;myoblast;myotube,42
Satb2,erythroid,Theiler stage 16,16,Theiler stage 17,200,tf_knockdown_zero_shot_grn_projection,0.4819049835205078,0.4819048047065735,0.4234039947981182,0.1838535101054996,0.0197822954505682,0.6812695860862732,0.481904961014333,1.0627116758700876,0.5124303774942143,0.5211190995375902,0.8485568526711808,1.0,0.8786047234975314,10,17,0.31664443016052246,erythroid progenitor cell;hematopoietic stem cell;primitive erythroid progenitor,43
Satb2,mesoderm_muscle,Theiler stage 17,17,Theiler stage 18,200,tf_knockdown_zero_shot_grn_projection,0.4753919243812561,0.4753919243812561,0.41768159027395285,0.18811037994146218,0.24278965592384338,0.6427823901176453,0.475391969340111,1.1301353480634486,0.5403568223006057,0.4711716925057417,0.8485568526711808,1.0,0.8786047234975314,10,33,0.3970705568790436,cardiac muscle cell;muscle precursor cell;myoblast;myotube,44
Satb1,erythroid,Theiler stage 13,13,Theiler stage 14,200,tf_knockdown_zero_shot_grn_projection,0.47351300716400146,0.4735129177570343,0.3791517683263423,0.2194552206772056,0.013295627199113369,1.2239505052566528,0.4735130026226601,1.0956935444045799,0.23716416460461448,0.4880959705471063,0.5203752443922943,0.6142587271495793,0.8007209149273125,10,23,0.35485079884529114,erythroid progenitor cell;hematopoietic stem cell;primitive erythroid progenitor,45
Satb2,erythroid,Theiler stage 13,13,Theiler stage 14,200,tf_knockdown_zero_shot_grn_projection,0.4721299707889557,0.47213003039360046,0.414815622439928,0.1902792612694638,-0.057929541915655136,1.197561502456665,0.4721299934856077,1.0627116758700876,0.037236596796424284,0.4880959705471063,0.8485568526711808,1.0,0.8786047234975314,10,17,0.31664443016052246,erythroid progenitor cell;hematopoietic stem cell;primitive erythroid progenitor,46
Satb2,erythroid,Theiler stage 18,18,Theiler stage 19,200,tf_knockdown_zero_shot_grn_projection,0.46899810433387756,0.4689982533454895,0.41206394977913285,0.19238517454160164,0.01626996323466301,0.7592378854751587,0.4689982023367045,1.0627116758700876,0.5524962560010853,0.3293006611097032,0.8485568526711808,1.0,0.8786047234975314,10,17,0.31664443016052246,erythroid progenitor cell;hematopoietic stem cell;primitive erythroid progenitor,47
Eya1,neural,Theiler stage 13,13,Theiler stage 14,200,tf_knockdown_zero_shot_grn_projection,0.4675865173339844,0.4675865173339844,0.4517395124783439,0.1641527224702146,-0.02920420654118061,0.8215605020523071,0.46758652217080987,0.9364657097180245,0.8713309692832946,0.4880959705471063,0.6874957220103752,0.5933461425649844,0.9661089354201344,10,8,0.1905023157596588,neural cell,48
Satb2,mesoderm_muscle,Theiler stage 15,15,Theiler stage 16,200,tf_knockdown_zero_shot_grn_projection,0.44915807247161865,0.44915804266929626,0.3946324040706107,0.2062781834066725,0.20086650550365448,0.614446759223938,0.4491580526329284,1.1301353480634486,0.4115826670035582,0.6049293945595217,0.8485568526711808,1.0,0.8786047234975314,10,33,0.3970705568790436,cardiac muscle cell;muscle precursor cell;myoblast;myotube,49
Satb2,mesoderm_muscle,Theiler stage 16,16,Theiler stage 17,200,tf_knockdown_zero_shot_grn_projection,0.4483615458011627,0.4483616352081299,0.3939325719755563,0.2068564327570028,0.23658886551856995,0.5960339903831482,0.448361620337645,1.1301353480634486,0.5124303774942143,0.5211190995375902,0.8485568526711808,1.0,0.8786047234975314,10,33,0.3970705568790436,cardiac muscle cell;muscle precursor cell;myoblast;myotube,50
Eya4,erythroid,Theiler stage 14,14,Theiler stage 15,200,tf_knockdown_zero_shot_grn_projection,0.44835659861564636,0.4483564794063568,0.44835659861564636,0.1663890772189493,-0.06323026120662689,0.8664205074310303,0.4483565256880887,1.0620856878553222,0.3895396203930418,0.5871494513452701,0.5801603409284204,0.6929618611863627,1.0,10,16,0.31594032049179077,erythroid progenitor cell;hematopoietic stem cell;primitive erythroid progenitor,51
Eya1,erythroid,Theiler stage 16,16,Theiler stage 17,200,tf_knockdown_zero_shot_grn_projection,0.44430163502693176,0.44430166482925415,0.4292437796212942,0.17960862183828588,-0.08598179370164871,0.6981403231620789,0.4443016761769528,1.1607044810226723,0.6914776352051533,0.5211190995375902,0.6874957220103752,0.5933461425649844,0.9661089354201344,10,27,0.4365304112434387,erythroid progenitor cell;hematopoietic stem cell;primitive erythroid progenitor,52
Zbtb16,erythroid,Theiler stage 14,14,Theiler stage 15,200,tf_knockdown_zero_shot_grn_projection,0.44385474920272827,0.44385477900505066,0.44385474920272827,0.16941245134966512,-0.015178551897406578,0.9160565733909607,0.4438547920257972,1.1216339305417984,0.3895396203930418,0.5871494513452701,0.532417423355394,0.5690301081885955,1.0,10,26,0.38642874360084534,erythroid progenitor cell;hematopoietic stem cell;primitive erythroid progenitor,53
Eya1,mesoderm_muscle,Theiler stage 13,13,Theiler stage 14,200,tf_knockdown_zero_shot_grn_projection,0.43639764189720154,0.4363977611064911,0.42160766123316246,0.18517931650736014,-0.07192964106798172,0.6900593042373657,0.43639763326900965,1.0405559032583258,0.8713309692832946,0.4880959705471063,0.6874957220103752,0.5933461425649844,0.9661089354201344,10,22,0.2922006845474243,cardiac muscle cell;muscle precursor cell;myoblast;myotube,54
Satb2,neural,Theiler stage 16,16,Theiler stage 17,200,tf_knockdown_zero_shot_grn_projection,0.43163761496543884,0.43163758516311646,0.3792388473478433,0.21937879420474374,-0.042436543852090836,0.6802047491073608,0.4316376174843106,0.9533506850849907,0.5124303774942143,0.5211190995375902,0.8485568526711808,1.0,0.8786047234975314,10,7,0.20552684366703033,neural cell,55
Nrg1,erythroid,Theiler stage 14,14,Theiler stage 15,200,tf_knockdown_zero_shot_grn_projection,0.4301653206348419,0.43016529083251953,0.4301653206348419,0.17894777373818818,-0.025858208537101746,0.8386570811271667,0.430165353560638,1.0499751367150985,0.3895396203930418,0.5871494513452701,0.562445635633383,0.6958264708898145,1.0,10,17,0.30247265100479126,erythroid progenitor cell;hematopoietic stem cell;primitive erythroid progenitor,56
Satb2,neural,Theiler stage 18,18,Theiler stage 19,200,tf_knockdown_zero_shot_grn_projection,0.4215695261955261,0.42156949639320374,0.37039297699800555,0.22728014396923937,0.009517061524093151,0.7607442140579224,0.42156951281949473,0.9533506850849907,0.5524962560010853,0.3293006611097032,0.8485568526711808,1.0,0.8786047234975314,10,7,0.20552684366703033,neural cell,57
Eya1,erythroid,Theiler stage 18,18,Theiler stage 19,200,tf_knockdown_zero_shot_grn_projection,0.4193454086780548,0.4193454682826996,0.40513334635127674,0.19779317095191837,0.005069233477115631,0.719772458076477,0.41934537846847597,1.1607044810226723,0.802633056333892,0.3293006611097032,0.6874957220103752,0.5933461425649844,0.9661089354201344,10,27,0.4365304112434387,erythroid progenitor cell;hematopoietic stem cell;primitive erythroid progenitor,58
Lef1,mesoderm_muscle,Theiler stage 13,13,Theiler stage 14,200,tf_knockdown_zero_shot_grn_projection,0.4065919518470764,0.40659192204475403,0.4065919518470764,0.1966425220767874,0.00645413575693965,0.7105614542961121,0.4065919831068998,1.0452812131197093,0.7180667880421227,0.4880959705471063,0.6669700902954203,0.5987735608331716,1.0,10,22,0.2973316013813019,cardiac muscle cell;muscle precursor cell;myoblast;myotube,59
Eya1,mesoderm_muscle,Theiler stage 18,18,Theiler stage 19,200,tf_knockdown_zero_shot_grn_projection,0.385138601064682,0.38513854146003723,0.3720858438637998,0.22574632284008536,0.15044595301151276,0.7373890280723572,0.3851386149195739,1.0405559032583258,0.802633056333892,0.3293006611097032,0.6874957220103752,0.5933461425649844,0.9661089354201344,10,22,0.2922006845474243,cardiac muscle cell;muscle precursor cell;myoblast;myotube,60
Satb2,mesoderm_muscle,Theiler stage 14,14,Theiler stage 15,200,tf_knockdown_zero_shot_grn_projection,0.38182786107063293,0.3818279504776001,0.3354757622996173,0.26134783723962385,0.09915377199649811,0.6120243668556213,0.38182793237688234,1.1301353480634486,0.2752728707771155,0.5871494513452701,0.8485568526711808,1.0,0.8786047234975314,10,33,0.3970705568790436,cardiac muscle cell;muscle precursor cell;myoblast;myotube,61
Satb2,erythroid,Theiler stage 17,17,Theiler stage 18,200,tf_knockdown_zero_shot_grn_projection,0.38164305686950684,0.38164305686950684,0.3353133924555857,0.261517632403166,-0.00035567133454605937,0.5487626194953918,0.38164307344357545,1.0627116758700876,0.5403568223006057,0.4711716925057417,0.8485568526711808,1.0,0.8786047234975314,10,17,0.31664443016052246,erythroid progenitor cell;hematopoietic stem cell;primitive erythroid progenitor,62
Eya1,neural,Theiler stage 14,14,Theiler stage 15,200,tf_knockdown_zero_shot_grn_projection,0.38000670075416565,0.38000670075416565,0.36712786911812456,0.230267989530643,0.01878204382956028,0.6278942823410034,0.3800067103969793,0.9364657097180245,0.844159720910775,0.5871494513452701,0.6874957220103752,0.5933461425649844,0.9661089354201344,10,8,0.1905023157596588,neural cell,63
Pax3,erythroid,Theiler stage 14,14,Theiler stage 15,200,tf_knockdown_zero_shot_grn_projection,0.37973883748054504,0.37973886728286743,0.37973883748054504,0.21894048372296784,-0.03168134018778801,0.8423666954040527,0.37973886027729353,1.0474959254439815,0.3895396203930418,0.5871494513452701,0.5626863715216118,0.5653866848062744,1.0,10,17,0.29975178837776184,erythroid progenitor cell;hematopoietic stem cell;primitive erythroid progenitor,64
Lef1,erythroid,Theiler stage 16,16,Theiler stage 17,200,tf_knockdown_zero_shot_grn_projection,0.37832924723625183,0.37832924723625183,0.37832924723625183,0.2201784359337783,0.04075255244970322,0.6414145231246948,0.3783292568977482,1.1255628912066293,0.6276321855848855,0.5211190995375902,0.6669700902954203,0.5987735608331716,1.0,10,24,0.39132893085479736,erythroid progenitor cell;hematopoietic stem cell;primitive erythroid progenitor,65
Eya1,mesoderm_muscle,Theiler stage 14,14,Theiler stage 15,200,tf_knockdown_zero_shot_grn_projection,0.3763740658760071,0.3763740658760071,0.36361834810321675,0.2335233066720781,0.02250359021127224,0.5596820712089539,0.3763740481442518,1.0405559032583258,0.844159720910775,0.5871494513452701,0.6874957220103752,0.5933461425649844,0.9661089354201344,10,22,0.2922006845474243,cardiac muscle cell;muscle precursor cell;myoblast;myotube,66
Eya4,erythroid,Theiler stage 16,16,Theiler stage 17,200,tf_knockdown_zero_shot_grn_projection,0.37412333488464355,0.37412330508232117,0.37412333488464355,0.22391397534245616,0.002055718097835779,0.762063205242157,0.37412334897951494,1.0620856878553222,0.3895396203930418,0.5211190995375902,0.5801603409284204,0.6929618611863627,1.0,10,16,0.31594032049179077,erythroid progenitor cell;hematopoietic stem cell;primitive erythroid progenitor,67
Eya4,mesoderm_muscle,Theiler stage 18,18,Theiler stage 19,200,tf_knockdown_zero_shot_grn_projection,0.373687744140625,0.37368759512901306,0.373687744140625,0.22430445484264475,0.12402606010437012,0.8778284788131714,0.37368768233286814,1.0925734055192233,0.3895396203930418,0.3293006611097032,0.5801603409284204,0.6929618611863627,1.0,10,23,0.3511432409286499,cardiac muscle cell;muscle precursor cell;myoblast;myotube,68
Satb1,erythroid,Theiler stage 14,14,Theiler stage 15,200,tf_knockdown_zero_shot_grn_projection,0.36936402320861816,0.36936402320861816,0.2957574986048378,0.3063490948569075,-0.09154976904392242,0.87337726354599,0.36936401411337466,1.0956935444045799,0.2447298151460608,0.5871494513452701,0.5203752443922943,0.6142587271495793,0.8007209149273125,10,23,0.35485079884529114,erythroid progenitor cell;hematopoietic stem cell;primitive erythroid progenitor,69
Satb2,neural,Theiler stage 17,17,Theiler stage 18,200,tf_knockdown_zero_shot_grn_projection,0.360590398311615,0.36059045791625977,0.3168164272044412,0.2816005479604777,0.004736439324915409,0.5779682993888855,0.3605903613059791,0.9533506850849907,0.5403568223006057,0.4711716925057417,0.8485568526711808,1.0,0.8786047234975314,10,7,0.20552684366703033,neural cell,70
Eya1,mesoderm_muscle,Theiler stage 15,15,Theiler stage 16,200,tf_knockdown_zero_shot_grn_projection,0.35138756036758423,0.35138770937919617,0.339478661866605,0.25719656361291593,0.06440804898738861,0.5441759824752808,0.3513875752354847,1.0405559032583258,0.7678105390875062,0.6049293945595217,0.6874957220103752,0.5933461425649844,0.9661089354201344,10,22,0.2922006845474243,cardiac muscle cell;muscle precursor cell;myoblast;myotube,71
Nrg1,erythroid,Theiler stage 16,16,Theiler stage 17,200,tf_knockdown_zero_shot_grn_projection,0.3508012294769287,0.3508012294769287,0.3508012294769287,0.24580790602420727,-0.053788792341947556,0.7209100723266602,0.3508012658098267,1.0499751367150985,0.3895396203930418,0.5211190995375902,0.562445635633383,0.6958264708898145,1.0,10,17,0.30247265100479126,erythroid progenitor cell;hematopoietic stem cell;primitive erythroid progenitor,72
Lef1,neural,Theiler stage 13,13,Theiler stage 14,200,tf_knockdown_zero_shot_grn_projection,0.3486737310886383,0.34867367148399353,0.3486737310886383,0.24790865572498721,0.10466817021369934,0.724880039691925,0.3486736606676328,0.878676433280015,0.7180667880421227,0.4880959705471063,0.6669700902954203,0.5987735608331716,1.0,10,3,0.14339584112167358,neural cell,73
Eya1,mesoderm_muscle,Theiler stage 16,16,Theiler stage 17,200,tf_knockdown_zero_shot_grn_projection,0.347433865070343,0.34743383526802063,0.33565896151201174,0.2611563925214609,0.16608233749866486,0.6089661717414856,0.34743386960586076,1.0405559032583258,0.6914776352051533,0.5211190995375902,0.6874957220103752,0.5933461425649844,0.9661089354201344,10,22,0.2922006845474243,cardiac muscle cell;muscle precursor cell;myoblast;myotube,74
Lef1,mesoderm_muscle,Theiler stage 14,14,Theiler stage 15,200,tf_knockdown_zero_shot_grn_projection,0.3473454713821411,0.3473454713821411,0.3473454713821411,0.24922930927328374,0.10923106968402863,0.5633398294448853,0.3473454938474668,1.0452812131197093,0.7109737888905459,0.5871494513452701,0.6669700902954203,0.5987735608331716,1.0,10,22,0.2973316013813019,cardiac muscle cell;muscle precursor cell;myoblast;myotube,75
Lef1,mesoderm_muscle,Theiler stage 18,18,Theiler stage 19,200,tf_knockdown_zero_shot_grn_projection,0.34700098633766174,0.34700095653533936,0.34700098633766174,0.24957296906898993,0.265409916639328,0.8080375790596008,0.3470010039251869,1.0452812131197093,0.5417964652348015,0.3293006611097032,0.6669700902954203,0.5987735608331716,1.0,10,22,0.2973316013813019,cardiac muscle cell;muscle precursor cell;myoblast;myotube,76
Eya4,mesoderm_muscle,Theiler stage 13,13,Theiler stage 14,200,tf_knockdown_zero_shot_grn_projection,0.345347136259079,0.3453470766544342,0.345347136259079,0.2512294673253818,0.03201569244265556,0.7028253674507141,0.3453471020193492,1.0925734055192233,0.3895396203930418,0.4880959705471063,0.5801603409284204,0.6929618611863627,1.0,10,23,0.3511432409286499,cardiac muscle cell;muscle precursor cell;myoblast;myotube,77
Lef1,erythroid,Theiler stage 17,17,Theiler stage 18,200,tf_knockdown_zero_shot_grn_projection,0.3431374430656433,0.34313735365867615,0.3431374430656433,0.2534598699916919,0.022075816988945007,0.6323702335357666,0.3431374031930025,1.1255628912066293,0.5775279554422148,0.4711716925057417,0.6669700902954203,0.5987735608331716,1.0,10,24,0.39132893085479736,erythroid progenitor cell;hematopoietic stem cell;primitive erythroid progenitor,78
Eya1,mesoderm_muscle,Theiler stage 17,17,Theiler stage 18,200,tf_knockdown_zero_shot_grn_projection,0.3405022919178009,0.34050244092941284,0.32896230675282245,0.26824642437473634,0.4136906862258911,0.652403712272644,0.34050227790998416,1.0405559032583258,0.6318248466710029,0.4711716925057417,0.6874957220103752,0.5933461425649844,0.9661089354201344,10,22,0.2922006845474243,cardiac muscle cell;muscle precursor cell;myoblast;myotube,79
Nrg1,mesoderm_muscle,Theiler stage 13,13,Theiler stage 14,200,tf_knockdown_zero_shot_grn_projection,0.34031522274017334,0.34031519293785095,0.34031522274017334,0.256337359639763,-0.004394040908664465,0.7169790863990784,0.34031520972612084,1.0526411159817024,0.3895396203930418,0.4880959705471063,0.562445635633383,0.6958264708898145,1.0,10,13,0.3054122030735016,cardiac muscle cell;muscle precursor cell;myoblast;myotube,80
Eya1,neural,Theiler stage 16,16,Theiler stage 17,200,tf_knockdown_zero_shot_grn_projection,0.3377847671508789,0.3377847671508789,0.32633688179327364,0.2710783115946277,0.08393146097660065,0.6578616499900818,0.33778473357259975,0.9364657097180245,0.6914776352051533,0.5211190995375902,0.6874957220103752,0.5933461425649844,0.9661089354201344,10,8,0.1905023157596588,neural cell,81
Eya1,neural,Theiler stage 18,18,Theiler stage 19,200,tf_knockdown_zero_shot_grn_projection,0.3372451364994049,0.33724507689476013,0.325815539799058,0.2716441994619918,-0.19738422334194183,0.717461884021759,0.33724513140765333,0.9364657097180245,0.802633056333892,0.3293006611097032,0.6874957220103752,0.5933461425649844,0.9661089354201344,10,8,0.1905023157596588,neural cell,82
Satb2,neural,Theiler stage 14,14,Theiler stage 15,200,tf_knockdown_zero_shot_grn_projection,0.3344425857067108,0.3344425857067108,0.2938428355406441,0.3087043234699194,0.3741074204444885,0.6354777216911316,0.3344425579420684,0.9533506850849907,0.2752728707771155,0.5871494513452701,0.8485568526711808,1.0,0.8786047234975314,10,7,0.20552684366703033,neural cell,83
Lef1,mesoderm_muscle,Theiler stage 15,15,Theiler stage 16,200,tf_knockdown_zero_shot_grn_projection,0.33414435386657715,0.33414435386657715,0.33414435386657715,0.2627433929081884,0.34159931540489197,0.5633001327514648,0.3341443580274087,1.0452812131197093,0.6440534452943396,0.6049293945595217,0.6669700902954203,0.5987735608331716,1.0,10,22,0.2973316013813019,cardiac muscle cell;muscle precursor cell;myoblast;myotube,84
Eya4,mesoderm_muscle,Theiler stage 15,15,Theiler stage 16,200,tf_knockdown_zero_shot_grn_projection,0.33106711506843567,0.33106714487075806,0.33106711506843567,0.2659974756524791,-0.036411624401807785,0.613440215587616,0.33106717467623104,1.0925734055192233,0.3895396203930418,0.6049293945595217,0.5801603409284204,0.6929618611863627,1.0,10,23,0.3511432409286499,cardiac muscle cell;muscle precursor cell;myoblast;myotube,85
Lef1,neural,Theiler stage 14,14,Theiler stage 15,200,tf_knockdown_zero_shot_grn_projection,0.32945942878723145,0.32945942878723145,0.32945942878723145,0.2677135495251486,0.17269906401634216,0.63564532995224,0.32945940164517457,0.878676433280015,0.7109737888905459,0.5871494513452701,0.6669700902954203,0.5987735608331716,1.0,10,3,0.14339584112167358,neural cell,86
Lef1,erythroid,Theiler stage 18,18,Theiler stage 19,200,tf_knockdown_zero_shot_grn_projection,0.32742759585380554,0.32742762565612793,0.32742759585380554,0.26989821206496584,0.03816826641559601,0.7080753445625305,0.3274275860772184,1.1255628912066293,0.5417964652348015,0.3293006611097032,0.6669700902954203,0.5987735608331716,1.0,10,24,0.39132893085479736,erythroid progenitor cell;hematopoietic stem cell;primitive erythroid progenitor,87
Nrg1,mesoderm_muscle,Theiler stage 15,15,Theiler stage 16,200,tf_knockdown_zero_shot_grn_projection,0.32632774114608765,0.32632768154144287,0.32632774114608765,0.271088223100646,0.20388087630271912,0.6259557604789734,0.3263277474439044,1.0526411159817024,0.3895396203930418,0.6049293945595217,0.562445635633383,0.6958264708898145,1.0,10,13,0.3054122030735016,cardiac muscle cell;muscle precursor cell;myoblast;myotube,88
Eya4,mesoderm_muscle,Theiler stage 17,17,Theiler stage 18,200,tf_knockdown_zero_shot_grn_projection,0.32233482599258423,0.32233473658561707,0.32233482599258423,0.27545271349695283,0.09214142709970474,0.6654720902442932,0.32233486088527424,1.0925734055192233,0.3895396203930418,0.4711716925057417,0.5801603409284204,0.6929618611863627,1.0,10,23,0.3511432409286499,cardiac muscle cell;muscle precursor cell;myoblast;myotube,89
Eya1,erythroid,Theiler stage 17,17,Theiler stage 18,200,tf_knockdown_zero_shot_grn_projection,0.3200811445713043,0.32008105516433716,0.30923325382984096,0.29027311732591055,-0.07294776290655136,0.5497942566871643,0.32008110709203447,1.1607044810226723,0.6318248466710029,0.4711716925057417,0.6874957220103752,0.5933461425649844,0.9661089354201344,10,27,0.4365304112434387,erythroid progenitor cell;hematopoietic stem cell;primitive erythroid progenitor,90
Eya4,mesoderm_muscle,Theiler stage 16,16,Theiler stage 17,200,tf_knockdown_zero_shot_grn_projection,0.31969672441482544,0.3196967542171478,0.31969672441482544,0.278374792818176,0.021485108882188797,0.6330286264419556,0.31969676276558345,1.0925734055192233,0.3895396203930418,0.5211190995375902,0.5801603409284204,0.6929618611863627,1.0,10,23,0.3511432409286499,cardiac muscle cell;muscle precursor cell;myoblast;myotube,91
Eya4,neural,Theiler stage 13,13,Theiler stage 14,200,tf_knockdown_zero_shot_grn_projection,0.3168248236179352,0.31682485342025757,0.3168248236179352,0.2815910903807348,0.27206671237945557,0.7749375700950623,0.31682482573632814,0.9090645566674411,0.3895396203930418,0.4880959705471063,0.5801603409284204,0.6929618611863627,1.0,10,5,0.16733381152153015,neural cell,92
Satb2,neural,Theiler stage 15,15,Theiler stage 16,200,tf_knockdown_zero_shot_grn_projection,0.31415221095085144,0.31415221095085144,0.276015616438611,0.3315215493943752,0.21963728964328766,0.5094515681266785,0.31415216696885456,0.9533506850849907,0.4115826670035582,0.6049293945595217,0.8485568526711808,1.0,0.8786047234975314,10,7,0.20552684366703033,neural cell,93
Zbtb16,neural,Theiler stage 13,13,Theiler stage 14,200,tf_knockdown_zero_shot_grn_projection,0.30792737007141113,0.30792737007141113,0.30792737007141113,0.2917933361250512,0.03539934381842613,0.7831297516822815,0.30792737525429803,0.9861081556578515,0.3895396203930418,0.4880959705471063,0.532417423355394,0.5690301081885955,1.0,10,7,0.23630113899707794,neural cell,94
Lef1,neural,Theiler stage 18,18,Theiler stage 19,200,tf_knockdown_zero_shot_grn_projection,0.3073539435863495,0.3073538839817047,0.3073539435863495,0.29246339239570107,-0.018885163590312004,0.8514197468757629,0.3073538974098795,0.878676433280015,0.5417964652348015,0.3293006611097032,0.6669700902954203,0.5987735608331716,1.0,10,3,0.14339584112167358,neural cell,95
Nrg1,erythroid,Theiler stage 18,18,Theiler stage 19,200,tf_knockdown_zero_shot_grn_projection,0.3067140579223633,0.3067139983177185,0.3067140579223633,0.2932129237433706,0.015834370627999306,0.7477722764015198,0.3067140323647995,1.0499751367150985,0.3895396203930418,0.3293006611097032,0.562445635633383,0.6958264708898145,1.0,10,17,0.30247265100479126,erythroid progenitor cell;hematopoietic stem cell;primitive erythroid progenitor,96
Satb2,mesoderm_muscle,Theiler stage 13,13,Theiler stage 14,200,tf_knockdown_zero_shot_grn_projection,0.30656757950782776,0.30656754970550537,0.2693517234267825,0.3404772756812149,0.11617410182952881,0.7312189936637878,0.30656758680911805,1.1301353480634486,0.037236596796424284,0.4880959705471063,0.8485568526711808,1.0,0.8786047234975314,10,33,0.3970705568790436,cardiac muscle cell;muscle precursor cell;myoblast;myotube,97
Nrg1,mesoderm_muscle,Theiler stage 14,14,Theiler stage 15,200,tf_knockdown_zero_shot_grn_projection,0.3049103319644928,0.3049103319644928,0.3049103319644928,0.2953360767526935,-0.1465883105993271,0.5929523706436157,0.3049103273705968,1.0526411159817024,0.3895396203930418,0.5871494513452701,0.562445635633383,0.6958264708898145,1.0,10,13,0.3054122030735016,cardiac muscle cell;muscle precursor cell;myoblast;myotube,98
Satb1,erythroid,Theiler stage 16,16,Theiler stage 17,200,tf_knockdown_zero_shot_grn_projection,0.30233097076416016,0.30233097076416016,0.24208273152114088,0.37971628403420576,-0.1496036797761917,0.7601770162582397,0.30233097186374724,1.0956935444045799,0.23734413133865084,0.5211190995375902,0.5203752443922943,0.6142587271495793,0.8007209149273125,10,23,0.35485079884529114,erythroid progenitor cell;hematopoietic stem cell;primitive erythroid progenitor,99
Zbtb16,mesoderm_muscle,Theiler stage 13,13,Theiler stage 14,200,tf_knockdown_zero_shot_grn_projection,0.300386905670166,0.300386905670166,0.300386905670166,0.30072843743310207,-0.12771709263324738,0.6751503348350525,0.30038692365262143,1.1158106693343983,0.3895396203930418,0.4880959705471063,0.532417423355394,0.5690301081885955,1.0,10,25,0.3792227804660797,cardiac muscle cell;muscle precursor cell;myoblast;myotube,100
Nrg1,mesoderm_muscle,Theiler stage 18,18,Theiler stage 19,200,tf_knockdown_zero_shot_grn_projection,0.2973865270614624,0.2973865568637848,0.2973865270614624,0.3043593789321292,0.22771133482456207,0.7231954336166382,0.2973865177829972,1.0526411159817024,0.3895396203930418,0.3293006611097032,0.562445635633383,0.6958264708898145,1.0,10,13,0.3054122030735016,cardiac muscle cell;muscle precursor cell;myoblast;myotube,101
Eya1,neural,Theiler stage 15,15,Theiler stage 16,200,tf_knockdown_zero_shot_grn_projection,0.29685303568840027,0.29685303568840027,0.28679237028515553,0.31753428534505806,0.06826044619083405,0.5108201503753662,0.29685304895607323,0.9364657097180245,0.7678105390875062,0.6049293945595217,0.6874957220103752,0.5933461425649844,0.9661089354201344,10,8,0.1905023157596588,neural cell,102
Zbtb16,mesoderm_muscle,Theiler stage 15,15,Theiler stage 16,200,tf_knockdown_zero_shot_grn_projection,0.2952926754951477,0.2952927052974701,0.2952926754951477,0.3069192172604918,0.13904957473278046,0.6042778491973877,0.295292693779425,1.1158106693343983,0.3895396203930418,0.6049293945595217,0.532417423355394,0.5690301081885955,1.0,10,25,0.3792227804660797,cardiac muscle cell;muscle precursor cell;myoblast;myotube,103
Zbtb16,mesoderm_muscle,Theiler stage 14,14,Theiler stage 15,200,tf_knockdown_zero_shot_grn_projection,0.29526156187057495,0.29526153206825256,0.29526156187057495,0.3069574171147144,-0.017259817570447922,0.6125603318214417,0.29526152470327455,1.1158106693343983,0.3895396203930418,0.5871494513452701,0.532417423355394,0.5690301081885955,1.0,10,25,0.3792227804660797,cardiac muscle cell;muscle precursor cell;myoblast;myotube,104
Zbtb16,erythroid,Theiler stage 16,16,Theiler stage 17,200,tf_knockdown_zero_shot_grn_projection,0.29376021027565,0.29376018047332764,0.29376021027565,0.30880636743793644,-0.05179901048541069,0.6390653848648071,0.29376020345626536,1.1216339305417984,0.3895396203930418,0.5211190995375902,0.532417423355394,0.5690301081885955,1.0,10,26,0.38642874360084534,erythroid progenitor cell;hematopoietic stem cell;primitive erythroid progenitor,105
Nrg1,mesoderm_muscle,Theiler stage 16,16,Theiler stage 17,200,tf_knockdown_zero_shot_grn_projection,0.2936843931674957,0.2936844229698181,0.2936843931674957,0.308900032863137,0.3296176791191101,0.6020041704177856,0.29368439622052434,1.0526411159817024,0.3895396203930418,0.5211190995375902,0.562445635633383,0.6958264708898145,1.0,10,13,0.3054122030735016,cardiac muscle cell;muscle precursor cell;myoblast;myotube,106
Pax3,mesoderm_muscle,Theiler stage 13,13,Theiler stage 14,200,tf_knockdown_zero_shot_grn_projection,0.2922677993774414,0.2922677993774414,0.2922677993774414,0.3106553447676311,0.26266470551490784,0.6944407224655151,0.2922678123970892,1.0594775271091315,0.3895396203930418,0.4880959705471063,0.5626863715216118,0.5653866848062744,1.0,10,19,0.3130151033401489,cardiac muscle cell;muscle precursor cell;myoblast;myotube,107
Eya4,mesoderm_muscle,Theiler stage 14,14,Theiler stage 15,200,tf_knockdown_zero_shot_grn_projection,0.29130011796951294,0.29130008816719055,0.29130011796951294,0.3118601365782892,-0.0943489521741867,0.5472110509872437,0.29130014446885005,1.0925734055192233,0.3895396203930418,0.5871494513452701,0.5801603409284204,0.6929618611863627,1.0,10,23,0.3511432409286499,cardiac muscle cell;muscle precursor cell;myoblast;myotube,108
Zbtb16,erythroid,Theiler stage 18,18,Theiler stage 19,200,tf_knockdown_zero_shot_grn_projection,0.2906510829925537,0.2906511425971985,0.2906510829925537,0.3126708209942756,-0.006239546462893486,0.750136137008667,0.2906511067750201,1.1216339305417984,0.3895396203930418,0.3293006611097032,0.532417423355394,0.5690301081885955,1.0,10,26,0.38642874360084534,erythroid progenitor cell;hematopoietic stem cell;primitive erythroid progenitor,109
Zbtb16,mesoderm_muscle,Theiler stage 18,18,Theiler stage 19,200,tf_knockdown_zero_shot_grn_projection,0.28972482681274414,0.2897246479988098,0.28972482681274414,0.3138314228166128,0.06168147549033165,0.7516478300094604,0.28972480054269506,1.1158106693343983,0.3895396203930418,0.3293006611097032,0.532417423355394,0.5690301081885955,1.0,10,25,0.3792227804660797,cardiac muscle cell;muscle precursor cell;myoblast;myotube,110
Nrg1,neural,Theiler stage 18,18,Theiler stage 19,200,tf_knockdown_zero_shot_grn_projection,0.28937527537345886,0.28937533497810364,0.28937527537345886,0.31427053062876503,0.05018702894449234,0.8317202925682068,0.2893752691365734,0.8906331252206712,0.3895396203930418,0.3293006611097032,0.562445635633383,0.6958264708898145,1.0,10,4,0.15259423851966858,neural cell,111
Eya4,neural,Theiler stage 14,14,Theiler stage 15,200,tf_knockdown_zero_shot_grn_projection,0.2871081531047821,0.2871081531047821,0.2871081531047821,0.317133451063694,0.23748870193958282,0.6482097506523132,0.28710813664085955,0.9090645566674411,0.3895396203930418,0.5871494513452701,0.5801603409284204,0.6929618611863627,1.0,10,5,0.16733381152153015,neural cell,112
Pax3,neural,Theiler stage 13,13,Theiler stage 14,200,tf_knockdown_zero_shot_grn_projection,0.28536251187324524,0.28536251187324524,0.28536251187324524,0.3193556051148244,0.0016178208170458674,0.8130586743354797,0.28536254652644216,0.8835294393793367,0.3895396203930418,0.4880959705471063,0.5626863715216118,0.5653866848062744,1.0,10,6,0.14709483087062836,neural cell,113
Nrg1,neural,Theiler stage 13,13,Theiler stage 14,200,tf_knockdown_zero_shot_grn_projection,0.28513863682746887,0.28513866662979126,0.28513863682746887,0.3196417162048274,0.008890332654118538,0.7100071310997009,0.285138654886069,0.8906331252206712,0.3895396203930418,0.4880959705471063,0.562445635633383,0.6958264708898145,1.0,10,4,0.15259423851966858,neural cell,114
Pax3,mesoderm_muscle,Theiler stage 14,14,Theiler stage 15,200,tf_knockdown_zero_shot_grn_projection,0.2836296856403351,0.28362977504730225,0.2836296856403351,0.3215768453492886,0.20475441217422485,0.6220545172691345,0.28362970276839866,1.0594775271091315,0.3895396203930418,0.5871494513452701,0.5626863715216118,0.5653866848062744,1.0,10,19,0.3130151033401489,cardiac muscle cell;muscle precursor cell;myoblast;myotube,115
Satb1,mesoderm_muscle,Theiler stage 13,13,Theiler stage 14,200,tf_knockdown_zero_shot_grn_projection,0.2810697853565216,0.28106987476348877,0.2250584556890973,0.4064746056154362,-0.10165881365537643,0.7216473817825317,0.28106981088565136,1.1030881287367995,0.23716416460461448,0.4880959705471063,0.5203752443922943,0.6142587271495793,0.8007209149273125,10,25,0.3637152910232544,cardiac muscle cell;muscle precursor cell;myoblast;myotube,116
Eya4,erythroid,Theiler stage 17,17,Theiler stage 18,200,tf_knockdown_zero_shot_grn_projection,0.27882710099220276,0.27882716059684753,0.27882710099220276,0.3278141641190434,0.029110772535204887,0.5921730399131775,0.2788271079589273,1.0620856878553222,0.3895396203930418,0.4711716925057417,0.5801603409284204,0.6929618611863627,1.0,10,16,0.31594032049179077,erythroid progenitor cell;hematopoietic stem cell;primitive erythroid progenitor,117
Pax3,mesoderm_muscle,Theiler stage 15,15,Theiler stage 16,200,tf_knockdown_zero_shot_grn_projection,0.27653247117996216,0.2765325605869293,0.27653247117996216,0.3308368634659288,0.16100731492042542,0.5982254147529602,0.27653248684525555,1.0594775271091315,0.3895396203930418,0.6049293945595217,0.5626863715216118,0.5653866848062744,1.0,10,19,0.3130151033401489,cardiac muscle cell;muscle precursor cell;myoblast;myotube,118
Nrg1,mesoderm_muscle,Theiler stage 17,17,Theiler stage 18,200,tf_knockdown_zero_shot_grn_projection,0.2760777771472931,0.2760778069496155,0.2760777771472931,0.3314391291835823,0.4067632555961609,0.5900483131408691,0.2760778019538979,1.0526411159817024,0.3895396203930418,0.4711716925057417,0.562445635633383,0.6958264708898145,1.0,10,13,0.3054122030735016,cardiac muscle cell;muscle precursor cell;myoblast;myotube,119
Eya1,neural,Theiler stage 17,17,Theiler stage 18,200,tf_knockdown_zero_shot_grn_projection,0.2752300202846527,0.2752300500869751,0.26590218189286785,0.34520779891601777,0.07288208603858948,0.5859570503234863,0.27523004703691517,0.9364657097180245,0.6318248466710029,0.4711716925057417,0.6874957220103752,0.5933461425649844,0.9661089354201344,10,8,0.1905023157596588,neural cell,120
Eya4,erythroid,Theiler stage 18,18,Theiler stage 19,200,tf_knockdown_zero_shot_grn_projection,0.274341881275177,0.274341881275177,0.274341881275177,0.33374851286903934,0.008561769500374794,0.662955105304718,0.2743419158893476,1.0620856878553222,0.3895396203930418,0.3293006611097032,0.5801603409284204,0.6929618611863627,1.0,10,16,0.31594032049179077,erythroid progenitor cell;hematopoietic stem cell;primitive erythroid progenitor,121
Zbtb16,neural,Theiler stage 18,18,Theiler stage 19,200,tf_knockdown_zero_shot_grn_projection,0.27421531081199646,0.27421534061431885,0.27421531081199646,0.3339175264651261,0.0937044620513916,0.8049824237823486,0.2742153129711659,0.9861081556578515,0.3895396203930418,0.3293006611097032,0.532417423355394,0.5690301081885955,1.0,10,7,0.23630113899707794,neural cell,122
Pax3,erythroid,Theiler stage 16,16,Theiler stage 17,200,tf_knockdown_zero_shot_grn_projection,0.2741474211215973,0.2741474211215973,0.2741474211215973,0.3340082170084369,0.0003986346710007638,0.6410194635391235,0.27414739237193697,1.0474959254439815,0.3895396203930418,0.5211190995375902,0.5626863715216118,0.5653866848062744,1.0,10,17,0.29975178837776184,erythroid progenitor cell;hematopoietic stem cell;primitive erythroid progenitor,123
Lef1,mesoderm_muscle,Theiler stage 16,16,Theiler stage 17,200,tf_knockdown_zero_shot_grn_projection,0.2731507420539856,0.27315086126327515,0.2731507420539856,0.33534247088024877,0.2379688322544098,0.49866393208503723,0.27315079821488475,1.0452812131197093,0.6276321855848855,0.5211190995375902,0.6669700902954203,0.5987735608331716,1.0,10,22,0.2973316013813019,cardiac muscle cell;muscle precursor cell;myoblast;myotube,124
Nrg1,neural,Theiler stage 14,14,Theiler stage 15,200,tf_knockdown_zero_shot_grn_projection,0.2729113698005676,0.2729114294052124,0.2729113698005676,0.3356637113795162,-0.10732176899909973,0.6272647380828857,0.2729114224318965,0.8906331252206712,0.3895396203930418,0.5871494513452701,0.562445635633383,0.6958264708898145,1.0,10,4,0.15259423851966858,neural cell,125
Zbtb16,erythroid,Theiler stage 17,17,Theiler stage 18,200,tf_knockdown_zero_shot_grn_projection,0.26859763264656067,0.2685976028442383,0.26859763264656067,0.3415058292447451,-0.04075191169977188,0.6092450618743896,0.2685976609266073,1.1216339305417984,0.3895396203930418,0.4711716925057417,0.532417423355394,0.5690301081885955,1.0,10,26,0.38642874360084534,erythroid progenitor cell;hematopoietic stem cell;primitive erythroid progenitor,126
Eya4,neural,Theiler stage 16,16,Theiler stage 17,200,tf_knockdown_zero_shot_grn_projection,0.26636770367622375,0.26636770367622375,0.26636770367622375,0.3445655900253195,0.06038585677742958,0.6339027285575867,0.2663677304131545,0.9090645566674411,0.3895396203930418,0.5211190995375902,0.5801603409284204,0.6929618611863627,1.0,10,5,0.16733381152153015,neural cell,127
Nrg1,neural,Theiler stage 16,16,Theiler stage 17,200,tf_knockdown_zero_shot_grn_projection,0.2662314474582672,0.2662314474582672,0.2662314474582672,0.3447534380281255,-0.20992788672447205,0.6449996829032898,0.2662314687715825,0.8906331252206712,0.3895396203930418,0.5211190995375902,0.562445635633383,0.6958264708898145,1.0,10,4,0.15259423851966858,neural cell,128
Pax3,erythroid,Theiler stage 18,18,Theiler stage 19,200,tf_knockdown_zero_shot_grn_projection,0.2655399441719055,0.2655400037765503,0.2655399441719055,0.3457083506112055,-0.03489062935113907,0.7366017699241638,0.2655399619072307,1.0474959254439815,0.3895396203930418,0.3293006611097032,0.5626863715216118,0.5653866848062744,1.0,10,17,0.29975178837776184,erythroid progenitor cell;hematopoietic stem cell;primitive erythroid progenitor,129
Lef1,mesoderm_muscle,Theiler stage 17,17,Theiler stage 18,200,tf_knockdown_zero_shot_grn_projection,0.26543760299682617,0.26543736457824707,0.26543760299682617,0.34584990037731267,0.3851463198661804,0.5267474055290222,0.26543758965154296,1.0452812131197093,0.5775279554422148,0.4711716925057417,0.6669700902954203,0.5987735608331716,1.0,10,22,0.2973316013813019,cardiac muscle cell;muscle precursor cell;myoblast;myotube,130
Zbtb16,neural,Theiler stage 14,14,Theiler stage 15,200,tf_knockdown_zero_shot_grn_projection,0.2601442337036133,0.2601442337036133,0.2601442337036133,0.3532508204604792,0.008097884245216846,0.6106919050216675,0.26014422712596846,0.9861081556578515,0.3895396203930418,0.5871494513452701,0.532417423355394,0.5690301081885955,1.0,10,7,0.23630113899707794,neural cell,131
Nrg1,erythroid,Theiler stage 17,17,Theiler stage 18,200,tf_knockdown_zero_shot_grn_projection,0.2600383758544922,0.2600383460521698,0.2600383758544922,0.3534004296210686,-0.027548018842935562,0.5571791529655457,0.2600383848699429,1.0499751367150985,0.3895396203930418,0.4711716925057417,0.562445635633383,0.6958264708898145,1.0,10,17,0.30247265100479126,erythroid progenitor cell;hematopoietic stem cell;primitive erythroid progenitor,132
Zbtb16,mesoderm_muscle,Theiler stage 17,17,Theiler stage 18,200,tf_knockdown_zero_shot_grn_projection,0.2594273090362549,0.25942716002464294,0.2594273090362549,0.35426529127136247,0.474400132894516,0.5915154814720154,0.2594273117336912,1.1158106693343983,0.3895396203930418,0.4711716925057417,0.532417423355394,0.5690301081885955,1.0,10,25,0.3792227804660797,cardiac muscle cell;muscle precursor cell;myoblast;myotube,133
Satb1,mesoderm_muscle,Theiler stage 14,14,Theiler stage 15,200,tf_knockdown_zero_shot_grn_projection,0.2563517391681671,0.2563517987728119,0.20526619912994254,0.43996293400335057,-0.0966826006770134,0.6020915508270264,0.25635178167767797,1.1030881287367995,0.2447298151460608,0.5871494513452701,0.5203752443922943,0.6142587271495793,0.8007209149273125,10,25,0.3637152910232544,cardiac muscle cell;muscle precursor cell;myoblast;myotube,134
Lef1,neural,Theiler stage 16,16,Theiler stage 17,200,tf_knockdown_zero_shot_grn_projection,0.25597161054611206,0.2559715211391449,0.25597161054611206,0.35919622855257566,0.060990333557128906,0.5559060573577881,0.25597158440906986,0.878676433280015,0.6276321855848855,0.5211190995375902,0.6669700902954203,0.5987735608331716,1.0,10,3,0.14339584112167358,neural cell,135
Eya4,neural,Theiler stage 18,18,Theiler stage 19,200,tf_knockdown_zero_shot_grn_projection,0.25370875000953674,0.2537086606025696,0.25370875000953674,0.36246223115306025,0.13736896216869354,0.7162955403327942,0.2537087607769063,0.9090645566674411,0.3895396203930418,0.3293006611097032,0.5801603409284204,0.6929618611863627,1.0,10,5,0.16733381152153015,neural cell,136
Zbtb16,neural,Theiler stage 16,16,Theiler stage 17,200,tf_knockdown_zero_shot_grn_projection,0.251936674118042,0.25193658471107483,0.251936674118042,0.3650406008164801,-0.04666123911738396,0.6234050393104553,0.25193667096463485,0.9861081556578515,0.3895396203930418,0.5211190995375902,0.532417423355394,0.5690301081885955,1.0,10,7,0.23630113899707794,neural cell,137
Lef1,neural,Theiler stage 15,15,Theiler stage 16,200,tf_knockdown_zero_shot_grn_projection,0.2501697242259979,0.25016969442367554,0.2501697242259979,0.3676297737166092,0.11174383014440536,0.5017005801200867,0.25016970460551097,0.878676433280015,0.6440534452943396,0.6049293945595217,0.6669700902954203,0.5987735608331716,1.0,10,3,0.14339584112167358,neural cell,138
Satb1,mesoderm_muscle,Theiler stage 18,18,Theiler stage 19,200,tf_knockdown_zero_shot_grn_projection,0.24617980420589447,0.24617983400821686,0.19712131806037048,0.4545327675056005,0.21202552318572998,0.7666551470756531,0.24617976865775257,1.1030881287367995,0.1966784016091423,0.3293006611097032,0.5203752443922943,0.6142587271495793,0.8007209149273125,10,25,0.3637152910232544,cardiac muscle cell;muscle precursor cell;myoblast;myotube,139
Pax3,neural,Theiler stage 14,14,Theiler stage 15,200,tf_knockdown_zero_shot_grn_projection,0.24337776005268097,0.24337778985500336,0.24337776005268097,0.3777543961359929,0.07592577487230301,0.6400713920593262,0.24337779616868643,0.8835294393793367,0.3895396203930418,0.5871494513452701,0.5626863715216118,0.5653866848062744,1.0,10,6,0.14709483087062836,neural cell,140
Satb2,neural,Theiler stage 13,13,Theiler stage 14,200,tf_knockdown_zero_shot_grn_projection,0.24326637387275696,0.24326638877391815,0.2137349851527207,0.4253087340979736,0.3580302298069,0.6878299117088318,0.24326635822375034,0.9533506850849907,0.037236596796424284,0.4880959705471063,0.8485568526711808,1.0,0.8786047234975314,10,7,0.20552684366703033,neural cell,141
Satb1,mesoderm_muscle,Theiler stage 15,15,Theiler stage 16,200,tf_knockdown_zero_shot_grn_projection,0.24030718207359314,0.24030719697475433,0.19241898669357177,0.4631631335028031,-0.24561329185962677,0.557279646396637,0.24030720124661753,1.1030881287367995,0.24387783771326485,0.6049293945595217,0.5203752443922943,0.6142587271495793,0.8007209149273125,10,25,0.3637152910232544,cardiac muscle cell;muscle precursor cell;myoblast;myotube,142
Satb1,neural,Theiler stage 14,14,Theiler stage 15,200,tf_knockdown_zero_shot_grn_projection,0.23908376693725586,0.23908381164073944,0.19143937260626784,0.4649815784458209,0.1562090367078781,0.6753576993942261,0.2390837872887159,0.9171759850273726,0.2447298151460608,0.5871494513452701,0.5203752443922943,0.6142587271495793,0.8007209149273125,10,6,0.17403580248355865,neural cell,143
Pax3,erythroid,Theiler stage 17,17,Theiler stage 18,200,tf_knockdown_zero_shot_grn_projection,0.2377922087907791,0.23779216408729553,0.2377922087907791,0.3862892510224535,-0.03166400268673897,0.5797251462936401,0.23779218884583314,1.0474959254439815,0.3895396203930418,0.4711716925057417,0.5626863715216118,0.5653866848062744,1.0,10,17,0.29975178837776184,erythroid progenitor cell;hematopoietic stem cell;primitive erythroid progenitor,144
Satb1,erythroid,Theiler stage 18,18,Theiler stage 19,200,tf_knockdown_zero_shot_grn_projection,0.23655426502227783,0.23655429482460022,0.18941394751859625,0.4687640212830415,0.011380239389836788,0.7416510581970215,0.23655428332720152,1.0956935444045799,0.1966784016091423,0.3293006611097032,0.5203752443922943,0.6142587271495793,0.8007209149273125,10,23,0.35485079884529114,erythroid progenitor cell;hematopoietic stem cell;primitive erythroid progenitor,145
Pax3,neural,Theiler stage 18,18,Theiler stage 19,200,tf_knockdown_zero_shot_grn_projection,0.2354722023010254,0.2354721873998642,0.2354722023010254,0.3898907102711897,-0.1313387006521225,0.7744151949882507,0.23547222032437504,0.8835294393793367,0.3895396203930418,0.3293006611097032,0.5626863715216118,0.5653866848062744,1.0,10,6,0.14709483087062836,neural cell,146
Nrg1,neural,Theiler stage 15,15,Theiler stage 16,200,tf_knockdown_zero_shot_grn_projection,0.2344386726617813,0.23443865776062012,0.2344386726617813,0.39150590108644945,-0.21639788150787354,0.5314964652061462,0.23443867463404616,0.8906331252206712,0.3895396203930418,0.6049293945595217,0.562445635633383,0.6958264708898145,1.0,10,4,0.15259423851966858,neural cell,147
Satb1,mesoderm_muscle,Theiler stage 17,17,Theiler stage 18,200,tf_knockdown_zero_shot_grn_projection,0.23440022766590118,0.23440015316009521,0.18768916475581074,0.4720092675151965,-0.08116813749074936,0.6164746880531311,0.23440020169627898,1.1030881287367995,0.22907755174502223,0.4711716925057417,0.5203752443922943,0.6142587271495793,0.8007209149273125,10,25,0.3637152910232544,cardiac muscle cell;muscle precursor cell;myoblast;myotube,148
Pax3,mesoderm_muscle,Theiler stage 16,16,Theiler stage 17,200,tf_knockdown_zero_shot_grn_projection,0.22952406108379364,0.22952403128147125,0.22952406108379364,0.3992784465984356,0.13839992880821228,0.5306105613708496,0.22952405069186174,1.0594775271091315,0.3895396203930418,0.5211190995375902,0.5626863715216118,0.5653866848062744,1.0,10,19,0.3130151033401489,cardiac muscle cell;muscle precursor cell;myoblast;myotube,149
Zbtb16,mesoderm_muscle,Theiler stage 16,16,Theiler stage 17,200,tf_knockdown_zero_shot_grn_projection,0.22935603559017181,0.22935599088668823,0.22935603559017181,0.3995468926322141,0.24735422432422638,0.5015602111816406,0.22935600403995676,1.1158106693343983,0.3895396203930418,0.5211190995375902,0.532417423355394,0.5690301081885955,1.0,10,25,0.3792227804660797,cardiac muscle cell;muscle precursor cell;myoblast;myotube,150
Satb1,neural,Theiler stage 13,13,Theiler stage 14,200,tf_knockdown_zero_shot_grn_projection,0.22706809639930725,0.22706812620162964,0.1818181738996565,0.48322509649554585,0.20610274374485016,0.701171875,0.22706809308811415,0.9171759850273726,0.23716416460461448,0.4880959705471063,0.5203752443922943,0.6142587271495793,0.8007209149273125,10,6,0.17403580248355865,neural cell,151
Pax3,mesoderm_muscle,Theiler stage 17,17,Theiler stage 18,200,tf_knockdown_zero_shot_grn_projection,0.22640323638916016,0.22640323638916016,0.22640323638916016,0.4042939989301949,0.13135305047035217,0.5457173585891724,0.22640323129016648,1.0594775271091315,0.3895396203930418,0.4711716925057417,0.5626863715216118,0.5653866848062744,1.0,10,19,0.3130151033401489,cardiac muscle cell;muscle precursor cell;myoblast;myotube,152
Nrg1,neural,Theiler stage 17,17,Theiler stage 18,200,tf_knockdown_zero_shot_grn_projection,0.22323362529277802,0.22323356568813324,0.22323362529277802,0.4094524493760534,-0.13604433834552765,0.5638935565948486,0.2232335993962918,0.8906331252206712,0.3895396203930418,0.4711716925057417,0.562445635633383,0.6958264708898145,1.0,10,4,0.15259423851966858,neural cell,153
Pax3,mesoderm_muscle,Theiler stage 18,18,Theiler stage 19,200,tf_knockdown_zero_shot_grn_projection,0.22269105911254883,0.22269105911254883,0.22269105911254883,0.4103420345503214,0.13562053442001343,0.6107538938522339,0.22269105970892508,1.0594775271091315,0.3895396203930418,0.3293006611097032,0.5626863715216118,0.5653866848062744,1.0,10,19,0.3130151033401489,cardiac muscle cell;muscle precursor cell;myoblast;myotube,154
Satb1,mesoderm_muscle,Theiler stage 16,16,Theiler stage 17,200,tf_knockdown_zero_shot_grn_projection,0.2211773544549942,0.22117739915847778,0.17710133362040545,0.4924288309576835,-0.16280962526798248,0.5523974299430847,0.22117735629780022,1.1030881287367995,0.23734413133865084,0.5211190995375902,0.5203752443922943,0.6142587271495793,0.8007209149273125,10,25,0.3637152910232544,cardiac muscle cell;muscle precursor cell;myoblast;myotube,155
Eya4,neural,Theiler stage 15,15,Theiler stage 16,200,tf_knockdown_zero_shot_grn_projection,0.2200620323419571,0.2200620174407959,0.2200620323419571,0.4146800046275789,0.09365224093198776,0.49006885290145874,0.2200620124622263,0.9090645566674411,0.3895396203930418,0.6049293945595217,0.5801603409284204,0.6929618611863627,1.0,10,5,0.16733381152153015,neural cell,156
Zbtb16,neural,Theiler stage 15,15,Theiler stage 16,200,tf_knockdown_zero_shot_grn_projection,0.21944347023963928,0.2194434255361557,0.21944347023963928,0.4157072963327372,-0.010544710792601109,0.5081273317337036,0.21944345059746498,0.9861081556578515,0.3895396203930418,0.6049293945595217,0.532417423355394,0.5690301081885955,1.0,10,7,0.23630113899707794,neural cell,157
Lef1,neural,Theiler stage 17,17,Theiler stage 18,200,tf_knockdown_zero_shot_grn_projection,0.2181060016155243,0.2181059569120407,0.2181060016155243,0.4179372378303303,0.02527947723865509,0.514886736869812,0.21810597251912095,0.878676433280015,0.5775279554422148,0.4711716925057417,0.6669700902954203,0.5987735608331716,1.0,10,3,0.14339584112167358,neural cell,158
Pax3,neural,Theiler stage 16,16,Theiler stage 17,200,tf_knockdown_zero_shot_grn_projection,0.21681173145771027,0.21681174635887146,0.21681173145771027,0.4201065430983548,0.22850048542022705,0.6010370254516602,0.21681174856415988,0.8835294393793367,0.3895396203930418,0.5211190995375902,0.5626863715216118,0.5653866848062744,1.0,10,6,0.14709483087062836,neural cell,159
Zbtb16,neural,Theiler stage 17,17,Theiler stage 18,200,tf_knockdown_zero_shot_grn_projection,0.21626640856266022,0.21626639366149902,0.21626640856266022,0.4210239181310779,-0.001920501352287829,0.5579630136489868,0.21626639047313542,0.9861081556578515,0.3895396203930418,0.4711716925057417,0.532417423355394,0.5690301081885955,1.0,10,7,0.23630113899707794,neural cell,160
Eya4,neural,Theiler stage 17,17,Theiler stage 18,200,tf_knockdown_zero_shot_grn_projection,0.21296004951000214,0.2129601091146469,0.21296004951000214,0.4266291270687337,0.12016180157661438,0.5284168124198914,0.2129600591934247,0.9090645566674411,0.3895396203930418,0.4711716925057417,0.5801603409284204,0.6929618611863627,1.0,10,5,0.16733381152153015,neural cell,161
Satb1,neural,Theiler stage 16,16,Theiler stage 17,200,tf_knockdown_zero_shot_grn_projection,0.20928125083446503,0.20928126573562622,0.1675758746453052,0.5115532985238956,0.1941157579421997,0.6286354660987854,0.2092812673352495,0.9171759850273726,0.23734413133865084,0.5211190995375902,0.5203752443922943,0.6142587271495793,0.8007209149273125,10,6,0.17403580248355865,neural cell,162
Satb1,neural,Theiler stage 18,18,Theiler stage 19,200,tf_knockdown_zero_shot_grn_projection,0.20676113665103912,0.2067611664533615,0.16555796651063112,0.5156990778687325,0.08288553357124329,0.7744156718254089,0.2067611317479479,0.9171759850273726,0.1966784016091423,0.3293006611097032,0.5203752443922943,0.6142587271495793,0.8007209149273125,10,6,0.17403580248355865,neural cell,163
Pax3,neural,Theiler stage 17,17,Theiler stage 18,200,tf_knockdown_zero_shot_grn_projection,0.1959470510482788,0.1959470957517624,0.1959470510482788,0.45667276075729374,0.07571179419755936,0.5663626790046692,0.19594706177378834,0.8835294393793367,0.3895396203930418,0.4711716925057417,0.5626863715216118,0.5653866848062744,1.0,10,6,0.14709483087062836,neural cell,164
Pax3,neural,Theiler stage 15,15,Theiler stage 16,200,tf_knockdown_zero_shot_grn_projection,0.1948038637638092,0.1948038786649704,0.1948038637638092,0.45876579253786165,0.23950029909610748,0.5053438544273376,0.19480386264872282,0.8835294393793367,0.3895396203930418,0.6049293945595217,0.5626863715216118,0.5653866848062744,1.0,10,6,0.14709483087062836,neural cell,165
Satb1,erythroid,Theiler stage 17,17,Theiler stage 18,200,tf_knockdown_zero_shot_grn_projection,0.19270861148834229,0.1927085965871811,0.15430581570531743,0.5394402436837358,-0.032132674008607864,0.5102458596229553,0.19270860736818188,1.0956935444045799,0.22907755174502223,0.4711716925057417,0.5203752443922943,0.6142587271495793,0.8007209149273125,10,23,0.35485079884529114,erythroid progenitor cell;hematopoietic stem cell;primitive erythroid progenitor,166
Satb1,neural,Theiler stage 17,17,Theiler stage 18,200,tf_knockdown_zero_shot_grn_projection,0.19240166246891022,0.1924016773700714,0.15406003520564174,0.5399708400320217,-0.09255501627922058,0.6085883975028992,0.19240168182570686,0.9171759850273726,0.22907755174502223,0.4711716925057417,0.5203752443922943,0.6142587271495793,0.8007209149273125,10,6,0.17403580248355865,neural cell,167
Satb1,neural,Theiler stage 15,15,Theiler stage 16,200,tf_knockdown_zero_shot_grn_projection,0.1808297336101532,0.18082979321479797,0.14479414974238405,0.560359577312031,0.22798894345760345,0.5043520927429199,0.18082975550765326,0.9171759850273726,0.24387783771326485,0.6049293945595217,0.5203752443922943,0.6142587271495793,0.8007209149273125,10,6,0.17403580248355865,neural cell,168
