method,shuffle_time,lineage,module_name,feature_type,mse,mae,n_predictions,bias,pearson,spearman
dct,False,mesodermal,apoptosis,module_score,0.0010337618468739933,0.02195554563878052,4,0.018040021693931124,0.5682505499130179,0.7999999999999999
dct,True,mesodermal,apoptosis,module_score,0.0037358385758047147,0.05884050580208419,4,0.011890564342169035,0.038152873339615534,0.39999999999999997
dct,False,mesodermal,cardiac,module_score,0.0010886241907738007,0.03151131674770626,4,0.002565056639898748,-0.7754098284963971,-0.7999999999999999
dct,True,mesodermal,cardiac,module_score,0.001150043076327834,0.03303414282273283,4,-0.004687805636311486,-0.81612368623298,-0.7999999999999999
dct,False,mesodermal,cell_cycle,module_score,0.004134407351354214,0.05798505724822667,4,-0.00218092395169861,-0.5359942870758913,-0.39999999999999997
dct,True,mesodermal,cell_cycle,module_score,0.00396769796668095,0.05674093712780806,4,0.024808174566142344,0.38892571920108876,0.39999999999999997
dct,False,mesodermal,endothelial,module_score,7.830179911451781e-05,0.0075730626225542046,4,-0.00014396775306026177,-0.6828431881274214,-0.39999999999999997
dct,True,mesodermal,endothelial,module_score,9.062207263094634e-05,0.008340155618136696,4,0.0004975566678650511,-0.47643170928971745,-0.7999999999999999
dct,False,mesodermal,erythroid,module_score,1.4417595333605685e-06,0.001009363241064544,4,-0.0002810385805886228,-0.21715532802979096,-0.39999999999999997
dct,True,mesodermal,erythroid,module_score,2.5649173482287536e-06,0.0015435348519112135,4,0.0003143107245950918,0.04086260077463161,0.39999999999999997
dct,False,mesodermal,extraembryonic_mesoderm,module_score,0.006834422420916128,0.059810642788395325,4,0.02597148878957383,-0.4666646006493597,-0.39999999999999997
dct,True,mesodermal,extraembryonic_mesoderm,module_score,0.010660226289297461,0.09203751398132058,4,-0.015229198391932083,-0.4680777714774786,-0.7999999999999999
dct,False,mesodermal,haematoendothelial,module_score,9.090970172821081e-05,0.006499950523256096,4,-0.0033933536728393138,-0.593423962524446,-0.7999999999999999
dct,True,mesodermal,haematoendothelial,module_score,0.00014884036485323618,0.010012616489173641,4,-0.0027280440100282896,-0.4313973689466045,-0.39999999999999997
dct,False,mesodermal,intermediate,module_score,0.00452945381978133,0.05981794337323028,4,0.010194707473527229,-0.4609168459106291,-0.7999999999999999
dct,True,mesodermal,intermediate,module_score,0.0029088700398997636,0.03918986164860744,4,-0.01707073471506826,-0.45779267657383865,-0.39999999999999997
dct,False,mesodermal,latent_1,latent_dimension,0.42131618619569833,0.6188962844545074,4,-0.13358687757183318,0.06351271790238774,0.39999999999999997
dct,True,mesodermal,latent_1,latent_dimension,0.26521985296558154,0.44247368567897816,4,0.1056764550505509,-0.25777475549605167,-0.7999999999999999
dct,False,mesodermal,latent_2,latent_dimension,30.51841875835243,4.753326132185912,4,1.0830248283613342,-0.43716587133514395,-0.39999999999999997
dct,True,mesodermal,latent_2,latent_dimension,27.807502026712324,4.344668123423498,4,-1.2192441646154721,-0.12227185119321257,-0.39999999999999997
dct,False,mesodermal,latent_3,latent_dimension,2.2306303416404507,1.3350813466203773,4,-1.099622284328914,0.7859787243880108,0.7999999999999999
dct,True,mesodermal,latent_3,latent_dimension,8.74606468818533,2.5134819904346593,4,-0.4713630074326899,-0.4961407557384108,-0.39999999999999997
dct,False,mesodermal,latent_4,latent_dimension,4.977492950611312,1.9674696744777531,4,-0.3108881956937094,-0.5381453003095957,-0.7999999999999999
dct,True,mesodermal,latent_4,latent_dimension,2.6554109712017473,1.086976078445814,4,0.6043860610376895,-0.41637963383530696,0.0
dct,False,mesodermal,latent_5,latent_dimension,3.9865464234351173,1.8547760279440983,4,-0.7273937103973704,-0.2930406389675703,-0.6000000000000001
dct,True,mesodermal,latent_5,latent_dimension,10.712322204854189,2.839209312168725,4,0.9205558884443973,0.05833337902573967,0.0
dct,False,mesodermal,mesoderm,module_score,0.02181821691428856,0.09607112670424311,4,0.04341876835179502,-0.581599281767436,-0.39999999999999997
dct,True,mesodermal,mesoderm,module_score,0.02181821691428856,0.09607112670424311,4,0.04341876835179502,-0.581599281767436,-0.39999999999999997
dct,False,mesodermal,neural,module_score,0.0009918089988818436,0.01839022677139189,4,0.014909636721061471,0.06607707919412303,0.39999999999999997
dct,True,mesodermal,neural,module_score,0.0048897004462011605,0.04772420635131776,4,-0.016458230253014915,-0.30359136895878636,0.39999999999999997
dct,False,mesodermal,paraxial_mesoderm,module_score,0.016427047055524162,0.09180333270783061,4,-0.025038065828515855,-0.5521827658299181,-0.39999999999999997
dct,True,mesodermal,paraxial_mesoderm,module_score,0.009368679812480987,0.07185016280648768,4,0.05152960580176451,0.45405024975408526,0.39999999999999997
dct,False,mesodermal,stress,module_score,8.961565012039169e-05,0.008390822772277887,4,0.002594445864638098,0.0628844201038575,0.0
dct,True,mesodermal,stress,module_score,3.44842520211895e-05,0.0047256189293888445,4,0.002070845315653977,0.29848013917482874,0.39999999999999997
dct,False,mesodermal,wnt_response,module_score,0.025757450174879706,0.10496877761130764,4,0.045436125437054345,-0.5864333100384771,-0.39999999999999997
dct,True,mesodermal,wnt_response,module_score,0.08595633651631396,0.27819894768259135,4,0.02352239599267554,-0.2958168054351717,-0.7999999999999999
dct,False,neural,apoptosis,module_score,0.0028969563875205022,0.05255870304201608,4,-0.008201773968870937,0.07380362897813603,0.39999999999999997
dct,True,neural,apoptosis,module_score,0.012716319077397717,0.09008145923672077,4,-0.0788837883005437,-0.984727080959418,-1.0
dct,False,neural,cardiac,module_score,0.00016812813689604357,0.012171229456512991,4,0.007253393867202814,0.20532844028587977,0.7999999999999999
dct,True,neural,cardiac,module_score,0.00016812813689604357,0.012171229456512991,4,0.007253393867202814,0.20532844028587977,0.7999999999999999
dct,False,neural,cell_cycle,module_score,0.005111376476088447,0.05138127329812389,4,-0.0505454313750445,-0.9953213832100813,-0.6000000000000001
dct,True,neural,cell_cycle,module_score,0.006579107708068559,0.058500011593942,4,-0.001157912306988279,-0.3666434037316935,-0.39999999999999997
dct,False,neural,endothelial,module_score,8.060647546115353e-05,0.008494931602798971,4,0.004674312102613862,0.24662439760969795,0.7999999999999999
dct,True,neural,endothelial,module_score,8.063759900996185e-05,0.008537230343146084,4,0.004367957524761921,0.25786661788321985,0.6000000000000001
dct,False,neural,erythroid,module_score,2.7681429249821494e-07,0.00041703442989607516,4,-0.0002972427775308203,0.11391354923913344,-0.39999999999999997
dct,True,neural,erythroid,module_score,1.0086626310470767e-06,0.000802252515862267,4,-8.000040508701514e-06,-0.745435290773615,-0.7999999999999999
dct,False,neural,extraembryonic_mesoderm,module_score,0.005110953479276234,0.06416833579996402,4,-0.015314073042278897,0.6962141015958515,0.7999999999999999
dct,True,neural,extraembryonic_mesoderm,module_score,0.005110953479276245,0.06416833579996407,4,-0.015314073042278959,0.6962141015958504,0.7999999999999999
dct,False,neural,haematoendothelial,module_score,1.3965655465124717e-05,0.003330875605985903,4,-0.0011534285251141806,-0.8056989241268175,-1.0
dct,True,neural,haematoendothelial,module_score,4.578377549483101e-05,0.005603925341675293,4,0.0009255197326287117,-0.15430510679443069,0.0
dct,False,neural,intermediate,module_score,0.017298870116725686,0.12207195632012685,4,-0.06439819178147432,-0.9591193539266138,-1.0
dct,True,neural,intermediate,module_score,0.02334144732894987,0.12789109269722804,4,0.1028805304137489,-0.17020627740405356,0.0
dct,False,neural,latent_1,latent_dimension,3.5583804932357275,1.4155577670384254,4,-1.3085358524882231,-0.6939510774336299,-0.6000000000000001
dct,True,neural,latent_1,latent_dimension,4.700898849890375,2.1073482253883977,4,-1.3085358524882178,-0.5409113182231856,-0.39999999999999997
dct,False,neural,latent_2,latent_dimension,16.987411466346042,3.9707910444648573,4,-0.6928231377529036,0.5441064520793809,0.6000000000000001
dct,True,neural,latent_2,latent_dimension,83.1000500459158,8.631731885057503,4,-2.8592785629820985,-0.2992558964404948,-0.39999999999999997
dct,False,neural,latent_3,latent_dimension,1.0999182119749191,0.8217787129293541,4,-0.08685414119779139,-0.19529410574489128,0.0
dct,True,neural,latent_3,latent_dimension,1.2598548934548206,0.9239021874721498,4,0.1439167887527324,-0.4919431771892834,-0.39999999999999997
dct,False,neural,latent_4,latent_dimension,10.382327587757263,3.0586474055541086,4,-1.2585864595758576,-0.9382393081149278,-0.7999999999999999
dct,True,neural,latent_4,latent_dimension,10.382327587757267,3.0586474055541095,4,-1.2585864595758585,-0.9382393081149281,-0.7999999999999999
dct,False,neural,latent_5,latent_dimension,8.502859470671659,2.6148645694935544,4,-1.5777310748156905,-0.7504288314788475,-0.7999999999999999
dct,True,neural,latent_5,latent_dimension,14.38966008137108,3.3455790973234922,4,-2.485746677766329,-0.9722101892204369,-1.0
dct,False,neural,mesoderm,module_score,0.008432206775873854,0.06714223435503797,4,0.04467798215406631,0.5561366180425462,0.7999999999999999
dct,True,neural,mesoderm,module_score,0.03995178720699377,0.17806642189323052,4,0.044677982154066306,-0.11705754652472117,-0.39999999999999997
dct,False,neural,neural,module_score,0.0004283930170646341,0.01756085784647885,4,0.003145247924639903,0.6969104877273616,0.6000000000000001
dct,True,neural,neural,module_score,0.0041002224096538635,0.04850615289436019,4,0.0031452479246398615,-0.16108450957516984,0.0
dct,False,neural,paraxial_mesoderm,module_score,0.000830864094604508,0.026311453058400453,4,0.008091922193765158,0.5326896259487948,0.6000000000000001
dct,True,neural,paraxial_mesoderm,module_score,0.0028784857863141545,0.04462072446475003,4,0.008091922193765158,0.05423025800040633,0.0
dct,False,neural,stress,module_score,0.00016812252581617127,0.008578188292179392,4,0.0056595977730163755,0.622742269065552,0.7999999999999999
dct,True,neural,stress,module_score,0.0012670966333216285,0.030173616753486815,4,-0.005659597773016695,-0.4755633326273935,-0.39999999999999997
dct,False,neural,wnt_response,module_score,0.033836710581212244,0.16252403424572281,4,-0.059528897590658617,0.38470118186230384,-0.19999999999999998
dct,True,neural,wnt_response,module_score,0.017353395669893905,0.10520015414987677,4,0.016819389835045766,0.7110333663643916,0.6000000000000001
dct_wavelet,False,mesodermal,apoptosis,module_score,0.001045826706339324,0.02113508486179759,4,0.015619053102391381,0.6171208975862124,0.39999999999999997
dct_wavelet,True,mesodermal,apoptosis,module_score,0.0017548501500178947,0.037008010915480186,4,0.010985912263030986,0.0026288853023061776,0.19999999999999998
dct_wavelet,False,mesodermal,cardiac,module_score,0.00048601695975099035,0.021308075309672603,4,0.001576128351309096,-0.5981004041830599,-0.7999999999999999
dct_wavelet,True,mesodermal,cardiac,module_score,0.0005482351012835674,0.022185358314276343,4,-0.003448592619148672,-0.4772764870995727,-0.39999999999999997
dct_wavelet,False,mesodermal,cell_cycle,module_score,0.0018311139633922595,0.03903047187117642,4,-0.003280789126891559,-0.6949561806867413,-0.7999999999999999
dct_wavelet,True,mesodermal,cell_cycle,module_score,0.0023143312719479114,0.03795156555689294,4,0.02244203053013427,0.20404223239967137,0.19999999999999998
dct_wavelet,False,mesodermal,endothelial,module_score,5.774182009418021e-05,0.006756315600693754,4,-0.00021819994205674043,-0.9115567659957531,-1.0
dct_wavelet,True,mesodermal,endothelial,module_score,5.887301008599801e-05,0.007432294229538221,4,0.0003949943994591386,-0.6708093273420587,-0.6000000000000001
dct_wavelet,False,mesodermal,erythroid,module_score,1.0478733456856687e-06,0.0009658354558392968,4,-0.0002733679116375356,-0.9728182756325585,-1.0
dct_wavelet,True,mesodermal,erythroid,module_score,1.2097316868357875e-06,0.000974224987301391,4,0.0002900039836407701,4.3672782845616265e-05,0.19999999999999998
dct_wavelet,False,mesodermal,extraembryonic_mesoderm,module_score,0.0051293571476156725,0.04967149631056354,4,0.02218025807164825,-0.16229922194145746,0.0
dct_wavelet,True,mesodermal,extraembryonic_mesoderm,module_score,0.006980852439010699,0.077331225717388,4,-0.015630721448409893,-0.9870882678694856,-0.7999999999999999
dct_wavelet,False,mesodermal,haematoendothelial,module_score,6.26292799883379e-05,0.00510252354527462,4,-0.0028719421495202995,0.12465302282162044,0.0
dct_wavelet,True,mesodermal,haematoendothelial,module_score,0.0001312451655973859,0.009832120800204888,4,-0.0024307624182618483,-0.5665977399257244,-0.7999999999999999
dct_wavelet,False,mesodermal,intermediate,module_score,0.0029960826842175747,0.050795049873119655,4,0.010422940686354895,-0.9889469056402137,-0.7999999999999999
dct_wavelet,True,mesodermal,intermediate,module_score,0.002214780288572107,0.03285116583741224,4,-0.014599289444337554,-0.17369715444761175,0.0
dct_wavelet,False,mesodermal,latent_1,latent_dimension,0.19515092741795637,0.37539041891523084,4,-0.12376572075731929,0.0383512138236462,0.19999999999999998
dct_wavelet,True,mesodermal,latent_1,latent_dimension,0.1752539621739709,0.38727695068039125,4,0.1042718163807308,-0.960017635795491,-0.7999999999999999
dct_wavelet,False,mesodermal,latent_2,latent_dimension,21.454529162,3.9637933153297813,4,0.9250688211422277,-0.3131975870789853,0.0
dct_wavelet,True,mesodermal,latent_2,latent_dimension,17.30839473988279,3.7152265459412153,4,-1.187785398002597,-0.7422064895429634,-0.7999999999999999
dct_wavelet,False,mesodermal,latent_3,latent_dimension,3.120873424102096,1.3841066432445743,4,-0.9714707925840111,0.4033410474341527,0.39999999999999997
dct_wavelet,True,mesodermal,latent_3,latent_dimension,7.348234307266851,2.4157958215871034,4,-0.4287958619496042,-0.6728532951902543,-0.7999999999999999
dct_wavelet,False,mesodermal,latent_4,latent_dimension,3.448312847836182,1.7322344964227567,4,-0.32048812099246565,-0.9906249759426107,-0.7999999999999999
dct_wavelet,True,mesodermal,latent_4,latent_dimension,2.1987957663954583,0.9503858322917713,4,0.5194836985077166,-0.1418919962754672,0.0
dct_wavelet,False,mesodermal,latent_5,latent_dimension,2.3385214464571638,1.3290585564340418,4,-0.6084331366307896,0.04489943196291541,0.19999999999999998
dct_wavelet,True,mesodermal,latent_5,latent_dimension,6.243891650517199,2.1789944054655495,4,0.8002528550462559,-0.19306884543499708,-0.39999999999999997
dct_wavelet,False,mesodermal,mesoderm,module_score,0.013841623171744174,0.07671129417251149,4,0.03645242170730262,-0.003609898114365415,0.0
dct_wavelet,True,mesodermal,mesoderm,module_score,0.013841623171744174,0.07671129417251149,4,0.03645242170730262,-0.003609898114365415,0.0
dct_wavelet,False,mesodermal,neural,module_score,0.0010301841456999618,0.019530144107165814,4,0.012976933558700648,-0.16096797514685118,0.39999999999999997
dct_wavelet,True,mesodermal,neural,module_score,0.002952643344455789,0.04508664092147721,4,-0.013751230324677375,-0.45065677061633624,0.39999999999999997
dct_wavelet,False,mesodermal,paraxial_mesoderm,module_score,0.008617927363235463,0.06316917141852196,4,-0.020339038119947493,-0.018847459039405434,0.0
dct_wavelet,True,mesodermal,paraxial_mesoderm,module_score,0.011019748186403309,0.09405972462994776,4,0.0471301844141086,-0.40394389706390976,-0.39999999999999997
dct_wavelet,False,mesodermal,stress,module_score,5.166350582539708e-05,0.006359810236184357,4,0.0022625493898053156,-0.1863311325463623,-0.39999999999999997
dct_wavelet,True,mesodermal,stress,module_score,1.9288253814651428e-05,0.0030782165601357936,4,0.0019134823571492487,0.2033573510239059,0.19999999999999998
dct_wavelet,False,mesodermal,wnt_response,module_score,0.015910135944910562,0.08260905861358128,4,0.038029518347654084,4.768670055370263e-05,0.0
dct_wavelet,True,mesodermal,wnt_response,module_score,0.04984010484741768,0.2219462612571162,4,0.020837807602866965,-0.4165249541851318,-0.6000000000000001
dct_wavelet,False,neural,apoptosis,module_score,0.0015565398059828536,0.03504421688773511,4,-0.005012195203198885,0.8031400788717135,0.6000000000000001
dct_wavelet,True,neural,apoptosis,module_score,0.009436231896101427,0.08326622098390703,4,-0.04820675951699889,-0.9964606230666235,-0.7999999999999999
dct_wavelet,False,neural,cardiac,module_score,0.00012339181506811197,0.009507742496733612,4,0.004432629585512831,0.09732046069260851,0.7999999999999999
dct_wavelet,True,neural,cardiac,module_score,0.00012339181506811197,0.009507742496733612,4,0.004432629585512831,0.09732046069260851,0.7999999999999999
dct_wavelet,False,neural,cell_cycle,module_score,0.003801948495913946,0.053353510895880196,4,-0.030888874729193827,-0.997736064357687,-0.6000000000000001
dct_wavelet,True,neural,cell_cycle,module_score,0.00470546484540334,0.06241984298448497,4,-0.0007076130764927802,-0.6900768749288171,-0.39999999999999997
dct_wavelet,False,neural,endothelial,module_score,5.909733647361037e-05,0.0066069217054399755,4,0.002856524062708473,0.14629813396436964,0.7999999999999999
dct_wavelet,True,neural,endothelial,module_score,5.914435483858857e-05,0.006628071075613531,4,0.002669307376243396,0.1544148359347703,0.6000000000000001
dct_wavelet,False,neural,erythroid,module_score,1.7982178452432016e-07,0.0003732496846441918,4,-0.0001816483640466124,0.44102997293257507,0.6000000000000001
dct_wavelet,True,neural,erythroid,module_score,6.96926845071507e-07,0.0007129814894666126,4,-4.888913644206499e-06,-0.9914652631903165,-1.0
dct_wavelet,False,neural,extraembryonic_mesoderm,module_score,0.002520051609501282,0.046595289700248094,4,-0.009358600192503761,0.9648819243981543,0.6000000000000001
dct_wavelet,True,neural,extraembryonic_mesoderm,module_score,0.0025200516095012873,0.046595289700248135,4,-0.009358600192503796,0.9648819243981543,0.6000000000000001
dct_wavelet,False,neural,haematoendothelial,module_score,8.332211482773902e-06,0.0026957616580365997,4,-0.0007048729875697764,0.388578065116241,0.7999999999999999
dct_wavelet,True,neural,haematoendothelial,module_score,3.318352715900071e-05,0.00527576008816249,4,0.0005655953921619916,-0.4435609700742574,0.0
dct_wavelet,False,neural,intermediate,module_score,0.011503402809166879,0.10494163053310074,4,-0.03935445053312319,-0.2719400903130017,-0.39999999999999997
dct_wavelet,True,neural,intermediate,module_score,0.017226505882203737,0.10859611543673495,4,0.06287143525284654,-0.3099483146165115,-0.6000000000000001
dct_wavelet,False,neural,latent_1,latent_dimension,2.6096645734932706,1.38123228873755,4,-0.7996607987428028,-0.6167061285036549,-0.6000000000000001
dct_wavelet,True,neural,latent_1,latent_dimension,3.461123739121966,1.7223533988085702,4,-0.7996607987427975,-0.8225951543834272,-0.7999999999999999
dct_wavelet,False,neural,latent_2,latent_dimension,11.805499592726367,3.3148026798153998,4,-0.4233919175156631,0.5866485435324381,0.6000000000000001
dct_wavelet,True,neural,latent_2,latent_dimension,60.19188879959779,6.922314101432189,4,-1.7473368996001715,-0.6100230826336164,-0.39999999999999997
dct_wavelet,False,neural,latent_3,latent_dimension,0.7948568140766246,0.8224279879802222,4,-0.053077530731983735,-0.494365498376309,0.0
dct_wavelet,True,neural,latent_3,latent_dimension,0.8947600892016961,0.8321377942546764,4,0.08794914868222531,-0.8150242329759161,-0.7999999999999999
dct_wavelet,False,neural,latent_4,latent_dimension,7.0382197233502435,2.574060752006623,4,-0.7691361697408018,-0.8126231298698983,-0.39999999999999997
dct_wavelet,True,neural,latent_4,latent_dimension,7.038219723350244,2.5740607520066234,4,-0.7691361697408021,-0.812623129869898,-0.39999999999999997
dct_wavelet,False,neural,latent_5,latent_dimension,5.660099435925193,2.2711438510358297,4,-0.9641689901651441,-0.015224996362475957,0.0
dct_wavelet,True,neural,latent_5,latent_dimension,10.388711172646895,2.8382823600509406,4,-1.5190674141905345,-0.7331779849366711,-0.7999999999999999
dct_wavelet,False,neural,mesoderm,module_score,0.005582384645003216,0.04834382919535035,4,0.027303211316373865,0.6577801313940392,0.7999999999999999
dct_wavelet,True,neural,mesoderm,module_score,0.029072279138628636,0.15180844782131886,4,0.02730321131637385,-0.3947622950757811,-0.39999999999999997
dct_wavelet,False,neural,neural,module_score,0.00023070379486426774,0.011126946859711932,4,0.0019220959539466217,0.8798743802513079,0.6000000000000001
dct_wavelet,True,neural,neural,module_score,0.0029671261663167933,0.0506681571986714,4,0.001922095953946594,-0.4530318035386256,0.0
dct_wavelet,False,neural,paraxial_mesoderm,module_score,0.000578515683197377,0.02178587272485876,4,0.004945063562856485,0.5738411735315552,0.6000000000000001
dct_wavelet,True,neural,paraxial_mesoderm,module_score,0.002104501018130003,0.042862958998045014,4,0.004945063562856488,-0.17159896960499638,0.0
dct_wavelet,False,neural,stress,module_score,9.546516470900363e-05,0.007068869714597817,4,0.0034586430835100296,0.8421011066146225,0.6000000000000001
dct_wavelet,True,neural,stress,module_score,0.0009017916185190724,0.02622867986609735,4,-0.003458643083510196,-0.799089338527553,-0.7999999999999999
dct_wavelet,False,neural,wnt_response,module_score,0.018718621319058302,0.12140636153803652,4,-0.036378770749846905,0.8073772145301359,0.6000000000000001
dct_wavelet,True,neural,wnt_response,module_score,0.008901131598246338,0.06878920861528523,4,0.01027851601030575,0.9095606997841112,0.6000000000000001
linear,False,mesodermal,apoptosis,module_score,0.0011860470825566852,0.02670936353728212,4,0.013198084510851638,-0.05768147199009527,-0.6000000000000001
linear,True,mesodermal,apoptosis,module_score,0.0013070194755249267,0.02982618786424071,4,0.010081260183893048,-0.13458177450357595,-0.6000000000000001
linear,False,mesodermal,cardiac,module_score,0.0003137770527084093,0.013885713081809957,4,0.000587200062719442,0.4911578290732241,0.39999999999999997
linear,True,mesodermal,cardiac,module_score,0.000353461583151329,0.014833790522121294,4,-0.002209379601985865,0.4421163441365563,0.0
linear,False,mesodermal,cell_cycle,module_score,0.0015354256900882025,0.03569063400502728,4,-0.004380654302084536,0.3655052629789541,0.39999999999999997
linear,True,mesodermal,cell_cycle,module_score,0.00316808657568487,0.05238004338635763,4,0.020075886494126144,-0.6780275048278618,-0.6000000000000001
linear,False,mesodermal,endothelial,module_score,5.184978987941797e-05,0.00713379361708502,4,-0.0002924321310532208,-0.9638573008788486,-0.6000000000000001
linear,True,mesodermal,endothelial,module_score,4.3527002404188094e-05,0.006524432840939747,4,0.0002924321310532208,-0.9610936821776545,-0.6000000000000001
linear,False,mesodermal,erythroid,module_score,1.5152541436773307e-06,0.0010833911296718988,4,-0.0002656972426864484,-0.3807229514997914,-0.39999999999999997
linear,True,mesodermal,erythroid,module_score,9.042790386007154e-07,0.0007830897906089296,4,0.00026569724268644837,-0.15560195374955418,-0.6000000000000001
linear,False,mesodermal,extraembryonic_mesoderm,module_score,0.0037131375491458456,0.04061886726103798,4,0.018389027353722658,0.3316620032518569,0.7999999999999999
linear,True,mesodermal,extraembryonic_mesoderm,module_score,0.008890545394565602,0.08233425738105103,4,-0.016032244504887716,-0.24924410740859046,0.39999999999999997
linear,False,mesodermal,haematoendothelial,module_score,4.272855541646099e-05,0.004038711751244244,4,-0.0023505306262012887,0.6658233572879039,0.7999999999999999
linear,True,mesodermal,haematoendothelial,module_score,0.00012075286710493034,0.009666558580623737,4,-0.0021334808264954087,-0.7384642343588772,-1.0
linear,False,mesodermal,intermediate,module_score,0.00384083335244443,0.054074731631543,4,0.010651173899182548,-0.26344623219950275,0.39999999999999997
linear,True,mesodermal,intermediate,module_score,0.0016327166170592643,0.02692190109403214,4,-0.012127844173606878,0.28612413867696274,0.7999999999999999
linear,False,mesodermal,latent_1,latent_dimension,0.15405288148051974,0.33629499871247326,4,-0.11394456394280716,-0.09297243113985817,-0.6000000000000001
linear,True,mesodermal,latent_1,latent_dimension,0.24383820781730314,0.4398241314660236,4,0.10286717771090714,-0.26485559865280156,0.39999999999999997
linear,False,mesodermal,latent_2,latent_dimension,14.22600310686677,3.1742604984736493,4,0.7671128139231209,-0.002018502669220157,0.6000000000000001
linear,True,mesodermal,latent_2,latent_dimension,24.835465675315838,4.493536058941958,4,-1.156326631389722,-0.21077743755446568,0.39999999999999997
linear,False,mesodermal,latent_3,latent_dimension,5.098992406796856,1.9040500644516967,4,-0.8433193008391083,-0.8777697171962937,-1.0
linear,True,mesodermal,latent_3,latent_dimension,6.677391610004873,2.404171644909026,4,-0.38622871646651824,-0.8676688897116147,-1.0
linear,False,mesodermal,latent_4,latent_dimension,4.328603244970011,1.7754099835759043,4,-0.33008804629122185,-0.33929599129940813,0.39999999999999997
linear,True,mesodermal,latent_4,latent_dimension,1.8196515372802144,0.8762804621976259,4,0.43458133597774357,0.1838283613794099,0.7999999999999999
linear,False,mesodermal,latent_5,latent_dimension,1.7338283873765814,1.2759948353724646,4,-0.489472562864209,0.42852998697137024,0.39999999999999997
linear,True,mesodermal,latent_5,latent_dimension,5.407625594059548,1.9914332492108544,4,0.6799498216481146,-0.8609736064293885,-0.7999999999999999
linear,False,mesodermal,mesoderm,module_score,0.008026167766834217,0.058206876918280734,4,0.029486075062810226,0.7689219971469424,0.7999999999999999
linear,True,mesodermal,mesoderm,module_score,0.008026167766834217,0.058206876918280734,4,0.029486075062810226,0.7689219971469424,0.7999999999999999
linear,False,mesodermal,neural,module_score,0.0010936243850353127,0.022165822478675327,4,0.011044230396339828,-0.2685387743011114,-0.6000000000000001
linear,True,mesodermal,neural,module_score,0.0023964051088689966,0.042449075491636665,4,-0.011044230396339824,-0.5235818332567648,-0.39999999999999997
linear,False,mesodermal,paraxial_mesoderm,module_score,0.0034721280214561564,0.045400735420580735,4,-0.015640010411379135,0.9581544971417149,1.0
linear,True,mesodermal,paraxial_mesoderm,module_score,0.019722866594151227,0.11626928645340785,4,0.04273076302645269,-0.821901981814066,-0.7999999999999999
linear,False,mesodermal,stress,module_score,4.430509255547604e-05,0.0056255747661742295,4,0.001930652914972547,-0.8783490751080916,-0.7999999999999999
linear,True,mesodermal,stress,module_score,2.8436927790928232e-05,0.004836099173905692,4,0.0017561193986444928,-0.3583763629603211,-0.6000000000000001
linear,False,mesodermal,wnt_response,module_score,0.008820535685424532,0.061017938121871826,4,0.030622911258253796,0.805579479375083,0.7999999999999999
linear,True,mesodermal,wnt_response,module_score,0.03205598609574488,0.16569357483164102,4,0.018153219213058375,-0.687272642934515,-0.6000000000000001
linear,False,neural,apoptosis,module_score,0.0013089836112948944,0.03025428819309041,4,-0.0018226164375268333,0.7372268102925892,0.6000000000000001
linear,True,neural,apoptosis,module_score,0.00816454667122881,0.0876486536672706,4,-0.01752973073345411,-0.9660287545799056,-0.7999999999999999
linear,False,neural,cardiac,module_score,0.00010458922992931204,0.008059326519114235,4,0.0016118653038228463,-0.09008009943776579,0.6000000000000001
linear,True,neural,cardiac,module_score,0.00010458922992931204,0.008059326519114235,4,0.0016118653038228463,-0.09008009943776579,0.6000000000000001
linear,False,neural,cell_cycle,module_score,0.003281329240348757,0.05616159041671598,4,-0.011232318083343185,-0.9989488126078057,-0.6000000000000001
linear,True,neural,cell_cycle,module_score,0.004515797255403542,0.0671865521361455,4,-0.000257313845997309,-0.9994962300771707,-1.0
linear,False,neural,endothelial,module_score,5.0149762373325016e-05,0.0051936801140154065,4,0.0010387360228030816,-0.039815902547714915,0.6000000000000001
linear,True,neural,endothelial,module_score,5.044813247832891e-05,0.005057522523858991,4,0.0009706572277248717,-0.04621856666424409,0.7999999999999999
linear,False,neural,erythroid,module_score,1.479791251542126e-07,0.000330269752812022,4,-6.605395056240441e-05,0.5110557095808996,0.6000000000000001
linear,True,neural,erythroid,module_score,6.799193998225421e-07,0.0008218723147581712,4,-1.7777867797113482e-06,-0.7164176453795256,-0.6000000000000001
linear,False,neural,extraembryonic_mesoderm,module_score,0.0016872745363034577,0.03638102208680266,4,-0.0034031273427286325,0.900721007358212,0.7999999999999999
linear,True,neural,extraembryonic_mesoderm,module_score,0.0016872745363034577,0.03638102208680266,4,-0.0034031273427286325,0.900721007358212,0.7999999999999999
linear,False,neural,haematoendothelial,module_score,7.4277119818690035e-06,0.002343458145539548,4,-0.00025631745002537183,0.5378333241654587,0.7999999999999999
linear,True,neural,haematoendothelial,module_score,3.129066515510358e-05,0.005488638392240343,4,0.0002056710516952706,-0.9001959217280339,-0.6000000000000001
linear,False,neural,intermediate,module_score,0.010322469648367593,0.08781130474607463,4,-0.014310709284772037,0.15621627225796947,0.7999999999999999
linear,True,neural,intermediate,module_score,0.014678102464368195,0.11431170045972101,4,0.02286234009194421,-0.45453497335927107,-0.6000000000000001
linear,False,neural,latent_1,latent_dimension,2.2377020690154223,1.4539287249868948,4,-0.29078574499737897,-0.5329381037387276,-0.6000000000000001
linear,True,neural,latent_1,latent_dimension,3.0746814075138875,1.4539287249868948,4,-0.29078574499737897,-0.9833665108646354,-1.0
linear,False,neural,latent_2,latent_dimension,9.016288854405008,2.6588143151659422,4,-0.1539606972784231,0.658462435513979,0.6000000000000001
linear,True,neural,latent_2,latent_dimension,56.318066649092124,6.767381915582708,4,-0.6353952362182436,-0.9702372893763687,-1.0
linear,False,neural,latent_3,latent_dimension,0.7536820417843568,0.8619591413113048,4,-0.01930092026617597,-0.9345518901994315,-0.6000000000000001
linear,True,neural,latent_3,latent_dimension,0.8609759302648714,0.9132415701891989,4,0.03198150861171817,-0.975693509963008,-1.0
linear,False,neural,latent_4,latent_dimension,6.594370804216435,2.097015297255819,4,-0.27968587990574606,-0.20333818820617788,0.0
linear,True,neural,latent_4,latent_dimension,6.594370804216435,2.097015297255819,4,-0.27968587990574606,-0.20333818820617788,0.0
linear,False,neural,latent_5,latent_dimension,4.938349361729246,1.9274231325781046,4,-0.3506069055145977,0.258701853842607,0.7999999999999999
linear,True,neural,latent_5,latent_dimension,9.050454255968498,2.761940753073698,4,-0.5523881506147396,-0.4477910824246216,-0.6000000000000001
linear,False,neural,mesoderm,module_score,0.004061402555045568,0.04964220239340701,4,0.009928440478681404,0.7374466720619103,0.6000000000000001
linear,True,neural,mesoderm,module_score,0.027151830315202862,0.15654285551148558,4,0.009928440478681404,-0.8565824007381045,-1.0
linear,False,neural,neural,module_score,0.00011919488215698225,0.009190685854024015,4,0.0006989439832533265,0.981178587504224,1.0
linear,True,neural,neural,module_score,0.0028090819357769864,0.05283016150298259,4,0.0006989439832533195,-0.9100479411306039,-0.6000000000000001
linear,False,neural,paraxial_mesoderm,module_score,0.0004436241088930721,0.017260292391317072,4,0.0017982049319478178,0.6375707020406798,0.6000000000000001
linear,True,neural,paraxial_mesoderm,module_score,0.0019436586939306224,0.042919353941282934,4,0.0017982049319478152,-0.6356412839401957,-0.6000000000000001
linear,False,neural,stress,module_score,6.594386933550921e-05,0.006949261158315831,4,0.0012576883940036837,0.8513285256476171,0.7999999999999999
linear,True,neural,stress,module_score,0.0008653618394468062,0.02870501202834415,4,-0.0012576883940036837,-0.9810722522805633,-1.0
linear,False,neural,wnt_response,module_score,0.015023325459676292,0.11117699237202508,4,-0.0132286439090352,0.7540614024857174,0.7999999999999999
linear,True,neural,wnt_response,module_score,0.004361243147049667,0.06027813408822221,4,0.0037376421855657496,0.9915299008454419,1.0
mean,False,mesodermal,apoptosis,module_score,0.0015946311236556942,0.03391031026984298,4,0.0,-1.0,-1.0
mean,True,mesodermal,apoptosis,module_score,0.0015946311236556942,0.03391031026984298,4,0.0,-1.0,-1.0
mean,False,mesodermal,cardiac,module_score,0.0006686194483581252,0.02571554567958439,4,3.469446951953614e-18,-1.0,-1.0
mean,True,mesodermal,cardiac,module_score,0.0006686194483581252,0.02571554567958439,4,3.469446951953614e-18,-1.0,-1.0
mean,False,mesodermal,cell_cycle,module_score,0.002634596204727419,0.048303953253655885,4,0.0,-1.0,-1.0
mean,True,mesodermal,cell_cycle,module_score,0.002634596204727419,0.048303953253655885,4,0.0,-1.0,-1.0
mean,False,mesodermal,endothelial,module_score,2.1995470874554035e-05,0.00455274215267492,4,3.469446951953614e-18,-0.9999999999999999,-1.0
mean,True,mesodermal,endothelial,module_score,2.1995470874554035e-05,0.00455274215267492,4,3.469446951953614e-18,-0.9999999999999999,-1.0
mean,False,mesodermal,erythroid,module_score,1.0860851121188682e-06,0.0008853903107884824,4,-2.710505431213761e-20,-1.0,-1.0
mean,True,mesodermal,erythroid,module_score,1.0860851121188682e-06,0.0008853903107884824,4,-2.710505431213761e-20,-1.0,-1.0
mean,False,mesodermal,extraembryonic_mesoderm,module_score,0.006736111620023145,0.06922472705466051,4,0.0,-1.0,-1.0
mean,True,mesodermal,extraembryonic_mesoderm,module_score,0.006736111620023145,0.06922472705466051,4,0.0,-1.0,-1.0
mean,False,mesodermal,haematoendothelial,module_score,9.80933566964181e-05,0.008190352475772138,4,0.0,-1.0,-1.0
mean,True,mesodermal,haematoendothelial,module_score,9.80933566964181e-05,0.008190352475772138,4,0.0,-1.0,-1.0
mean,False,mesodermal,intermediate,module_score,0.0028753880695794915,0.04533750991951105,4,-2.7755575615628914e-17,-1.0,-1.0
mean,True,mesodermal,intermediate,module_score,0.0028753880695794915,0.04533750991951105,4,-2.7755575615628914e-17,-1.0,-1.0
mean,False,mesodermal,latent_1,latent_dimension,0.19187520621573345,0.36733289923390444,4,0.0,-1.0,-1.0
mean,True,mesodermal,latent_1,latent_dimension,0.19187520621573345,0.36733289923390444,4,0.0,-1.0,-1.0
mean,False,mesodermal,latent_2,latent_dimension,21.370132928576705,3.786517458967182,4,0.0,-0.9999999999999998,-1.0
mean,True,mesodermal,latent_2,latent_dimension,21.370132928576705,3.786517458967182,4,0.0,-0.9999999999999998,-1.0
mean,False,mesodermal,latent_3,latent_dimension,4.4253933034711865,1.8315795768605365,4,2.220446049250313e-16,-1.0,-1.0
mean,True,mesodermal,latent_3,latent_dimension,4.4253933034711865,1.8315795768605365,4,2.220446049250313e-16,-1.0,-1.0
mean,False,mesodermal,latent_4,latent_dimension,2.9582385144014567,1.470895422799407,4,-5.551115123125783e-17,-1.0,-1.0
mean,True,mesodermal,latent_4,latent_dimension,2.9582385144014567,1.470895422799407,4,-5.551115123125783e-17,-1.0,-1.0
mean,False,mesodermal,latent_5,latent_dimension,3.1800986870329195,1.5303745012516452,4,8.326672684688674e-17,-1.0,-1.0
mean,True,mesodermal,latent_5,latent_dimension,3.1800986870329195,1.5303745012516452,4,8.326672684688674e-17,-1.0,-1.0
mean,False,mesodermal,mesoderm,module_score,0.020982457760678648,0.11840393255597448,4,-6.938893903907228e-18,-0.9999999999999999,-1.0
mean,True,mesodermal,mesoderm,module_score,0.020982457760678648,0.11840393255597448,4,-6.938893903907228e-18,-0.9999999999999999,-1.0
mean,False,mesodermal,neural,module_score,0.0013598420406379034,0.03190343210720871,4,-3.469446951953614e-18,-1.0,-1.0
mean,True,mesodermal,neural,module_score,0.0013598420406379034,0.03190343210720871,4,-3.469446951953614e-18,-1.0,-1.0
mean,False,mesodermal,paraxial_mesoderm,module_score,0.013124920757008617,0.10072171251089534,4,0.0,-1.0,-1.0
mean,True,mesodermal,paraxial_mesoderm,module_score,0.013124920757008617,0.10072171251089534,4,0.0,-1.0,-1.0
mean,False,mesodermal,stress,module_score,2.6436807207206576e-05,0.004394812381700128,4,-4.163336342344337e-17,-1.0,-1.0
mean,True,mesodermal,stress,module_score,2.6436807207206576e-05,0.004394812381700128,4,-4.163336342344337e-17,-1.0,-1.0
mean,False,mesodermal,wnt_response,module_score,0.02426302383005666,0.1289071868724303,4,0.0,-1.0,-1.0
mean,True,mesodermal,wnt_response,module_score,0.02426302383005666,0.1289071868724303,4,0.0,-1.0,-1.0
mean,False,neural,apoptosis,module_score,0.005041776183160235,0.07011892293381643,4,1.3877787807814457e-17,-1.0,-1.0
mean,True,neural,apoptosis,module_score,0.005041776183160235,0.07011892293381643,4,1.3877787807814457e-17,-1.0,-1.0
mean,False,neural,cardiac,module_score,0.00011899807703105868,0.00935533782387966,4,4.336808689942018e-19,-0.9999999999999998,-1.0
mean,True,neural,cardiac,module_score,0.00011899807703105868,0.00935533782387966,4,4.336808689942018e-19,-0.9999999999999998,-1.0
mean,False,neural,cell_cycle,module_score,0.0020203868256383345,0.044929272333372766,4,-2.7755575615628914e-17,-0.9999999999999999,-1.0
mean,True,neural,cell_cycle,module_score,0.0020203868256383345,0.044929272333372766,4,-2.7755575615628914e-17,-0.9999999999999999,-1.0
mean,False,neural,endothelial,module_score,5.976528842700118e-05,0.006637322388061679,4,0.0,-1.0,-1.0
mean,True,neural,endothelial,module_score,5.976528842700118e-05,0.006637322388061679,4,0.0,-1.0,-1.0
mean,False,neural,erythroid,module_score,3.237545139742282e-07,0.0005038789094638447,4,-1.0842021724855044e-19,-1.0,-1.0
mean,True,neural,erythroid,module_score,3.237545139742282e-07,0.0005038789094638447,4,-1.0842021724855044e-19,-1.0,-1.0
mean,False,neural,extraembryonic_mesoderm,module_score,0.013676396505650324,0.11608897440212873,4,-6.938893903907228e-18,-1.0,-1.0
mean,True,neural,extraembryonic_mesoderm,module_score,0.013676396505650324,0.11608897440212873,4,-6.938893903907228e-18,-1.0,-1.0
mean,False,neural,haematoendothelial,module_score,1.6396661969124044e-05,0.003829970561510477,4,-4.336808689942018e-19,-1.0,-1.0
mean,True,neural,haematoendothelial,module_score,1.6396661969124044e-05,0.003829970561510477,4,-4.336808689942018e-19,-1.0,-1.0
mean,False,neural,intermediate,module_score,0.012501489875709294,0.09144936036777682,4,-6.938893903907228e-18,-1.0,-1.0
mean,True,neural,intermediate,module_score,0.012501489875709294,0.09144936036777682,4,-6.938893903907228e-18,-1.0,-1.0
mean,False,neural,latent_1,latent_dimension,1.7479424436430908,1.1631429799895159,4,-3.552713678800501e-15,-0.9999999999999998,-1.0
mean,True,neural,latent_1,latent_dimension,1.7479424436430908,1.1631429799895159,4,-3.552713678800501e-15,-0.9999999999999998,-1.0
mean,False,neural,latent_2,latent_dimension,28.129999846736887,4.614228408574086,4,0.0,-0.9999999999999998,-1.0
mean,True,neural,latent_2,latent_dimension,28.129999846736887,4.614228408574086,4,0.0,-0.9999999999999998,-1.0
mean,False,neural,latent_3,latent_dimension,0.37749431669693057,0.5959604332820154,4,0.0,-0.9999999999999998,-1.0
mean,True,neural,latent_3,latent_dimension,0.37749431669693057,0.5959604332820154,4,0.0,-0.9999999999999998,-1.0
mean,False,neural,latent_4,latent_dimension,5.134871732978266,1.9314062259433966,4,5.551115123125783e-17,-1.0,-1.0
mean,True,neural,latent_4,latent_dimension,5.134871732978266,1.9314062259433966,4,5.551115123125783e-17,-1.0,-1.0
mean,False,neural,latent_5,latent_dimension,7.03464586947122,2.2095526024589587,4,-1.6653345369377348e-16,-1.0,-1.0
mean,True,neural,latent_5,latent_dimension,7.03464586947122,2.2095526024589587,4,-1.6653345369377348e-16,-1.0,-1.0
mean,False,neural,mesoderm,module_score,0.015107027007859911,0.11044439273742947,4,3.469446951953614e-18,-0.9999999999999998,-1.0
mean,True,neural,mesoderm,module_score,0.015107027007859911,0.11044439273742947,4,3.469446951953614e-18,-0.9999999999999998,-1.0
mean,False,neural,neural,module_score,0.001444985768319514,0.03676274341609607,4,6.938893903907228e-18,-1.0,-1.0
mean,True,neural,neural,module_score,0.001444985768319514,0.03676274341609607,4,6.938893903907228e-18,-1.0,-1.0
mean,False,neural,paraxial_mesoderm,module_score,0.0013181372289834254,0.03140301897588739,4,0.0,-1.0,-1.0
mean,True,neural,paraxial_mesoderm,module_score,0.0013181372289834254,0.03140301897588739,4,0.0,-1.0,-1.0
mean,False,neural,stress,module_score,0.00038280454207686467,0.018798154118176258,4,0.0,-1.0,-1.0
mean,True,neural,stress,module_score,0.00038280454207686467,0.018798154118176258,4,0.0,-1.0,-1.0
mean,False,neural,wnt_response,module_score,0.061158727006993166,0.24111253635288887,4,-1.3877787807814457e-17,-1.0,-1.0
mean,True,neural,wnt_response,module_score,0.061158727006993166,0.24111253635288887,4,-1.3877787807814457e-17,-1.0,-1.0
spline,False,mesodermal,apoptosis,module_score,0.000662152604188346,0.023464288265879443,4,0.00995300923944896,0.610753606222761,0.39999999999999997
spline,True,mesodermal,apoptosis,module_score,0.0013011356883797314,0.03307126313564339,4,0.013326335455295726,0.24796631627348098,0.0
spline,False,mesodermal,cardiac,module_score,0.002574979194966252,0.043647770743242414,4,-0.009572264993134849,0.595327218465584,0.39999999999999997
spline,True,mesodermal,cardiac,module_score,0.00274314048330412,0.04638669194887981,4,0.008308254206933638,0.5907352654147746,0.0
spline,False,mesodermal,cell_cycle,module_score,0.010883753380956684,0.08467154191001477,4,-0.023959452201566284,0.4817224912591793,0.39999999999999997
spline,True,mesodermal,cell_cycle,module_score,0.004179297052283481,0.05725778628308653,4,0.024953629390855048,-0.31425530268397517,0.0
spline,False,mesodermal,endothelial,module_score,0.00021979073996455527,0.013165076606679938,4,-0.0023028597942515282,-0.7389745432302156,-0.6000000000000001
spline,True,mesodermal,endothelial,module_score,0.0001371902007175837,0.010736819694863406,4,-0.0011116968202546668,-0.9071003393054735,-1.0
spline,False,mesodermal,erythroid,module_score,7.1371373993488036e-06,0.0020858397825653545,4,-0.0006675432174539656,-0.11502604437139888,0.19999999999999998
spline,True,mesodermal,erythroid,module_score,8.924198902511393e-07,0.0008636315201378541,4,0.00034623897221537295,0.22406934665392705,0.0
spline,False,mesodermal,extraembryonic_mesoderm,module_score,0.0015373533869544509,0.02638013602949439,4,0.012918438657670644,0.8477526447663617,1.0
spline,True,mesodermal,extraembryonic_mesoderm,module_score,0.04863845177803568,0.17848972285585646,4,-0.05100678050832004,0.0019471073664925898,0.39999999999999997
spline,False,mesodermal,haematoendothelial,module_score,1.00860667058496e-05,0.0026766790754585955,4,-0.001003431419803233,0.9217356841581354,1.0
spline,True,mesodermal,haematoendothelial,module_score,0.0002706425056455253,0.013730256403899294,4,-0.003488046767587261,-0.9792356537714711,-0.7999999999999999
spline,False,mesodermal,intermediate,module_score,0.02084293598170143,0.11674857101717286,4,0.033456405881543125,-0.010427390629529076,0.39999999999999997
spline,True,mesodermal,intermediate,module_score,0.0007478127791983421,0.0178996851840392,4,-0.00884748482506581,0.8175561058906892,1.0
spline,False,mesodermal,latent_1,latent_dimension,0.17242639951030236,0.38185891693065344,4,-0.15950848216098734,0.2873216253740648,0.0
spline,True,mesodermal,latent_1,latent_dimension,1.214382106992708,0.8624397653362657,4,0.2741150011464413,-0.013554385031420313,0.39999999999999997
spline,False,mesodermal,latent_2,latent_dimension,13.29353880996722,3.08452000411637,4,0.7371993158040276,0.10045612128042687,0.6000000000000001
spline,True,mesodermal,latent_2,latent_dimension,116.41591239762978,8.181339604144565,4,-2.8349025112055375,0.034588596091375046,0.39999999999999997
spline,False,mesodermal,latent_3,latent_dimension,5.677181334901736,1.947081060536436,4,-0.8863502969238477,-0.9588581407749915,-1.0
spline,True,mesodermal,latent_3,latent_dimension,18.65288371762433,3.7086404215499047,4,-0.8210516420134777,-0.9850261894173694,-0.7999999999999999
spline,False,mesodermal,latent_4,latent_dimension,23.46657032499224,3.9675175372907376,4,-1.0863640497108913,-0.07443364135186856,0.39999999999999997
spline,True,mesodermal,latent_4,latent_dimension,0.9345467504419478,0.6987149013214665,4,0.33373623164575894,0.7512895828866232,1.0
spline,False,mesodermal,latent_5,latent_dimension,4.817106002301465,2.010209703274717,4,0.021952011002038807,0.7009750967129024,0.39999999999999997
spline,True,mesodermal,latent_5,latent_dimension,10.012360541868512,2.7188677793071117,4,0.27992039479986897,-0.4179223402779957,-0.39999999999999997
spline,False,mesodermal,mesoderm,module_score,0.0010169659155038122,0.02675105864854666,4,0.010000365535097994,0.96318276720627,1.0
spline,True,mesodermal,mesoderm,module_score,0.0010169659155038122,0.02675105864854666,4,0.010000365535097994,0.96318276720627,1.0
spline,False,mesodermal,neural,module_score,0.00093775273875699,0.021495303646803205,4,0.010373711564467706,0.03553757909322108,0.0
spline,True,mesodermal,neural,module_score,0.009045425005176001,0.08767377366886793,4,0.004580830465312918,-0.027445858465945272,0.19999999999999998
spline,False,mesodermal,paraxial_mesoderm,module_score,0.0008673939499487708,0.02683894196582106,4,0.003291528918847049,0.9849198038218236,1.0
spline,True,mesodermal,paraxial_mesoderm,module_score,0.05439257678241294,0.1589532679241866,4,0.0695797830701964,-0.5366202585603783,-0.39999999999999997
spline,False,mesodermal,stress,module_score,7.755537304701014e-05,0.007470400993995693,4,0.0008834518170042632,-0.4895604019018898,-0.39999999999999997
spline,True,mesodermal,stress,module_score,6.537097623289681e-05,0.005883300271873976,4,0.0028033204966127767,-0.01702017176270948,0.39999999999999997
spline,False,mesodermal,wnt_response,module_score,0.0011039100133990606,0.02488472084280255,4,0.008760673375103611,0.9682186663128532,1.0
spline,True,mesodermal,wnt_response,module_score,0.06359597425404247,0.23128028848109156,4,-0.00370901867009181,-0.9196345938229975,-1.0
spline,False,neural,apoptosis,module_score,0.0037967529528920114,0.059730023658180656,4,-0.0018226164375268333,0.67976228747418,0.6000000000000001
spline,True,neural,apoptosis,module_score,0.008363893350947327,0.08764865366727063,4,-0.017529730733454138,-0.8940363426167905,-0.7999999999999999
spline,False,neural,cardiac,module_score,9.377649139123203e-05,0.008059326519114235,4,0.001611865303822847,0.07533474830547154,0.6000000000000001
spline,True,neural,cardiac,module_score,9.377649139123203e-05,0.008059326519114235,4,0.001611865303822847,0.07533474830547154,0.6000000000000001
spline,False,neural,cell_cycle,module_score,0.0032811540091908,0.056161590416716006,4,-0.011232318083343212,-0.9987776163176671,-0.6000000000000001
spline,True,neural,cell_cycle,module_score,0.007291817053528193,0.08372399471528977,4,-0.00025731384599728124,-0.957219015349887,-0.7999999999999999
spline,False,neural,endothelial,module_score,4.4749570953313296e-05,0.005193680114015407,4,0.0010387360228030825,0.11548776791234955,0.6000000000000001
spline,True,neural,endothelial,module_score,4.5719273794575906e-05,0.004853286138624366,4,0.0009706572277248726,0.08315232431671817,0.7999999999999999
spline,False,neural,erythroid,module_score,2.2550448947321211e-07,0.000330269752812022,4,-6.605395056240438e-05,0.5801811642621144,0.7999999999999999
spline,True,neural,erythroid,module_score,1.281253384221673e-06,0.0011099078316507195,4,-1.7777867797113753e-06,-0.5369329890243599,-0.6000000000000001
spline,False,neural,extraembryonic_mesoderm,module_score,0.004753319000307168,0.06542910014654192,4,-0.0034031273427286325,0.8306580317838036,0.7999999999999999
spline,True,neural,extraembryonic_mesoderm,module_score,0.004753319000307168,0.06542910014654192,4,-0.0034031273427286325,0.8306580317838036,0.7999999999999999
spline,False,neural,haematoendothelial,module_score,1.782210976453681e-05,0.003936264488658579,4,-0.00025631745002537227,0.5349722517453523,0.7999999999999999
spline,True,neural,haematoendothelial,module_score,4.5587736587946124e-05,0.006540401177768714,4,0.00020567105169527018,-0.9890788397100694,-1.0
spline,False,neural,intermediate,module_score,0.018416619776196148,0.11219794222939619,4,-0.014310709284772037,0.27511395472634464,0.7999999999999999
spline,True,neural,intermediate,module_score,0.013975850064780294,0.11431170045972103,4,0.022862340091944218,-0.276832555083514,-0.6000000000000001
spline,False,neural,latent_1,latent_dimension,2.3238496233272867,1.453928724986893,4,-0.2907857449973772,-0.28400645888153453,-0.6000000000000001
spline,True,neural,latent_1,latent_dimension,3.6039356704425867,1.453928724986893,4,-0.2907857449973772,-0.9089422316923861,-0.7999999999999999
spline,False,neural,latent_2,latent_dimension,4.298225129671451,1.8815715162780253,4,-0.153960697278423,0.8579301315052079,0.7999999999999999
spline,True,neural,latent_2,latent_dimension,81.57008260384545,8.266776522880356,4,-0.635395236218244,-0.9641074862241718,-1.0
spline,False,neural,latent_3,latent_dimension,1.1290878286212696,1.0374720408744833,4,-0.019300920266175914,-0.9977854355856137,-1.0
spline,True,neural,latent_3,latent_dimension,1.4397509210402755,1.1656781130692186,4,0.03198150861171811,-0.8661307711102904,-0.7999999999999999
spline,False,neural,latent_4,latent_dimension,12.196847558787042,3.1260411468547478,4,-0.279685879905746,-0.03437087120496135,0.0
spline,True,neural,latent_4,latent_dimension,12.19684755878704,3.1260411468547473,4,-0.2796858799057462,-0.034370871204961434,0.0
spline,False,neural,latent_5,latent_dimension,8.179472598330875,2.189006040085779,4,-0.3506069055145975,0.370486813655759,0.7999999999999999
spline,True,neural,latent_5,latent_dimension,10.884676700023002,2.761940753073698,4,-0.5523881506147397,-0.18208379238603792,0.39999999999999997
spline,False,neural,mesoderm,module_score,0.0025632962687643186,0.04964220239340702,4,0.009928440478681405,0.8514251362075438,0.7999999999999999
spline,True,neural,mesoderm,module_score,0.037878068137240185,0.1842739023960337,4,0.009928440478681397,-0.9670892464787091,-1.0
spline,False,neural,neural,module_score,4.5573479932364106e-05,0.00562206247634877,4,0.0006989439832533265,0.979320297468365,1.0
spline,True,neural,neural,module_score,0.004159518385468841,0.06314525985227636,4,0.0006989439832533195,-0.9955273656551504,-1.0
spline,False,neural,paraxial_mesoderm,module_score,0.0002279485883566292,0.011761922059181532,4,0.0017982049319478178,0.8360794224410284,0.7999999999999999
spline,True,neural,paraxial_mesoderm,module_score,0.002522119130178765,0.04841772427341847,4,0.0017982049319478135,-0.8263120552285607,-0.7999999999999999
spline,False,neural,stress,module_score,0.00010669971822601607,0.00794048994076195,4,0.0012576883940036837,0.8331732132648313,0.7999999999999999
spline,True,neural,stress,module_score,0.001427880592707896,0.03651599109927989,4,-0.0012576883940036698,-0.8780251985057758,-0.7999999999999999
spline,False,neural,wnt_response,module_score,0.037771238900354505,0.1787276516122987,4,-0.0132286439090352,0.7102365238980987,0.7999999999999999
spline,True,neural,wnt_response,module_score,0.00311947138431799,0.05148050590279155,4,0.0037376421855657496,0.9693675282482429,1.0
wavelet,False,mesodermal,apoptosis,module_score,0.0011860470825566858,0.02670936353728215,4,0.013198084510851638,-0.05768147199009513,-0.6000000000000001
wavelet,True,mesodermal,apoptosis,module_score,0.0013070194755249267,0.02982618786424071,4,0.01008126018389302,-0.13458177450357728,-0.6000000000000001
wavelet,False,mesodermal,cardiac,module_score,0.0003137770527084093,0.013885713081809957,4,0.000587200062719442,0.4911578290732241,0.39999999999999997
wavelet,True,mesodermal,cardiac,module_score,0.000353461583151329,0.014833790522121294,4,-0.002209379601985864,0.44211634413655626,0.0
wavelet,False,mesodermal,cell_cycle,module_score,0.001535425690088206,0.03569063400502734,4,-0.004380654302084591,0.36550526297895336,0.39999999999999997
wavelet,True,mesodermal,cell_cycle,module_score,0.003168086575684872,0.05238004338635763,4,0.0200758864941262,-0.6780275048278613,-0.6000000000000001
wavelet,False,mesodermal,endothelial,module_score,5.184978987941794e-05,0.007133793617085018,4,-0.0002924321310532191,-0.9638573008788487,-0.6000000000000001
wavelet,True,mesodermal,endothelial,module_score,4.352700240418805e-05,0.006524432840939743,4,0.0002924321310532243,-0.9610936821776542,-0.6000000000000001
wavelet,False,mesodermal,erythroid,module_score,1.5152541436773307e-06,0.0010833911296718988,4,-0.0002656972426864485,-0.3807229514997914,-0.39999999999999997
wavelet,True,mesodermal,erythroid,module_score,9.042790386007154e-07,0.0007830897906089297,4,0.00026569724268644837,-0.15560195374955418,-0.6000000000000001
wavelet,False,mesodermal,extraembryonic_mesoderm,module_score,0.003713137549145845,0.04061886726103797,4,0.018389027353722665,0.3316620032518571,0.7999999999999999
wavelet,True,mesodermal,extraembryonic_mesoderm,module_score,0.008890545394565602,0.08233425738105103,4,-0.016032244504887702,-0.2492441074085905,0.39999999999999997
wavelet,False,mesodermal,haematoendothelial,module_score,4.2728555416461e-05,0.004038711751244248,4,-0.0023505306262012853,0.6658233572879029,0.7999999999999999
wavelet,True,mesodermal,haematoendothelial,module_score,0.00012075286710493034,0.009666558580623735,4,-0.002133480826495406,-0.7384642343588774,-1.0
wavelet,False,mesodermal,intermediate,module_score,0.0038408333524444314,0.05407473163154302,4,0.010651173899182569,-0.26344623219950314,0.39999999999999997
wavelet,True,mesodermal,intermediate,module_score,0.0016327166170592652,0.02692190109403217,4,-0.01212784417360685,0.2861241386769613,0.7999999999999999
wavelet,False,mesodermal,latent_1,latent_dimension,0.154052881480519,0.3362949987124715,4,-0.11394456394280539,-0.0929724311398631,-0.6000000000000001
wavelet,True,mesodermal,latent_1,latent_dimension,0.24383820781730547,0.4398241314660254,4,0.10286717771090892,-0.2648555986528008,0.39999999999999997
wavelet,False,mesodermal,latent_2,latent_dimension,14.22600310686677,3.1742604984736493,4,0.7671128139231209,-0.002018502669220011,0.6000000000000001
wavelet,True,mesodermal,latent_2,latent_dimension,24.835465675315838,4.493536058941958,4,-1.156326631389722,-0.21077743755446557,0.39999999999999997
wavelet,False,mesodermal,latent_3,latent_dimension,5.098992406796856,1.9040500644516964,4,-0.8433193008391084,-0.8777697171962937,-1.0
wavelet,True,mesodermal,latent_3,latent_dimension,6.677391610004873,2.404171644909026,4,-0.38622871646651835,-0.8676688897116148,-1.0
wavelet,False,mesodermal,latent_4,latent_dimension,4.32860324497001,1.775409983575904,4,-0.33008804629122196,-0.339295991299408,0.39999999999999997
wavelet,True,mesodermal,latent_4,latent_dimension,1.8196515372802144,0.8762804621976259,4,0.4345813359777435,0.18382836137940994,0.7999999999999999
wavelet,False,mesodermal,latent_5,latent_dimension,1.7338283873765814,1.2759948353724644,4,-0.4894725628642089,0.42852998697137035,0.39999999999999997
wavelet,True,mesodermal,latent_5,latent_dimension,5.407625594059548,1.9914332492108544,4,0.6799498216481146,-0.8609736064293884,-0.7999999999999999
wavelet,False,mesodermal,mesoderm,module_score,0.008026167766834217,0.05820687691828075,4,0.02948607506281022,0.7689219971469425,0.7999999999999999
wavelet,True,mesodermal,mesoderm,module_score,0.008026167766834217,0.05820687691828075,4,0.02948607506281022,0.7689219971469425,0.7999999999999999
wavelet,False,mesodermal,neural,module_score,0.001093624385035313,0.02216582247867533,4,0.011044230396339817,-0.2685387743011117,-0.6000000000000001
wavelet,True,mesodermal,neural,module_score,0.0023964051088689975,0.042449075491636665,4,-0.011044230396339828,-0.5235818332567644,-0.39999999999999997
wavelet,False,mesodermal,paraxial_mesoderm,module_score,0.003472128021456157,0.04540073542058075,4,-0.015640010411379135,0.9581544971417149,1.0
wavelet,True,mesodermal,paraxial_mesoderm,module_score,0.019722866594151227,0.11626928645340785,4,0.04273076302645269,-0.821901981814066,-0.7999999999999999
wavelet,False,mesodermal,stress,module_score,4.4305092555475786e-05,0.005625574766174202,4,0.001930652914972547,-0.8783490751080945,-0.7999999999999999
wavelet,True,mesodermal,stress,module_score,2.843692779092828e-05,0.004836099173905692,4,0.0017561193986445206,-0.35837636296031183,-0.6000000000000001
wavelet,False,mesodermal,wnt_response,module_score,0.008820535685424532,0.061017938121871826,4,0.030622911258253796,0.8055794793750828,0.7999999999999999
wavelet,True,mesodermal,wnt_response,module_score,0.03205598609574487,0.165693574831641,4,0.01815321921305836,-0.6872726429345146,-0.6000000000000001
wavelet,False,neural,apoptosis,module_score,0.0013089836112948892,0.030254288193090353,4,-0.0018226164375268333,0.7372268102925903,0.6000000000000001
wavelet,True,neural,apoptosis,module_score,0.008164546671228807,0.08764865366727058,4,-0.017529730733454083,-0.9660287545799051,-0.7999999999999999
wavelet,False,neural,cardiac,module_score,0.00010458922992931204,0.008059326519114235,4,0.0016118653038228465,-0.09008009943776567,0.6000000000000001
wavelet,True,neural,cardiac,module_score,0.00010458922992931204,0.008059326519114235,4,0.0016118653038228465,-0.09008009943776567,0.6000000000000001
wavelet,False,neural,cell_cycle,module_score,0.0032813292403487525,0.05616159041671595,4,-0.011232318083343157,-0.9989488126078058,-0.6000000000000001
wavelet,True,neural,cell_cycle,module_score,0.004515797255403535,0.06718655213614544,4,-0.000257313845997309,-0.9994962300771708,-1.0
wavelet,False,neural,endothelial,module_score,5.0149762373325016e-05,0.005193680114015407,4,0.0010387360228030825,-0.03981590254771475,0.6000000000000001
wavelet,True,neural,endothelial,module_score,5.044813247832891e-05,0.005057522523858992,4,0.0009706572277248708,-0.046218566664244246,0.7999999999999999
wavelet,False,neural,erythroid,module_score,1.4797912515421263e-07,0.00033026975281202204,4,-6.605395056240444e-05,0.5110557095808995,0.6000000000000001
wavelet,True,neural,erythroid,module_score,6.79919399822542e-07,0.0008218723147581711,4,-1.7777867797113753e-06,-0.7164176453795257,-0.6000000000000001
wavelet,False,neural,extraembryonic_mesoderm,module_score,0.0016872745363034577,0.03638102208680266,4,-0.0034031273427286325,0.900721007358212,0.7999999999999999
wavelet,True,neural,extraembryonic_mesoderm,module_score,0.0016872745363034577,0.03638102208680266,4,-0.0034031273427286325,0.9007210073582121,0.7999999999999999
wavelet,False,neural,haematoendothelial,module_score,7.427711981869007e-06,0.0023434581455395484,4,-0.00025631745002537227,0.5378333241654585,0.7999999999999999
wavelet,True,neural,haematoendothelial,module_score,3.1290665155103584e-05,0.005488638392240344,4,0.00020567105169527148,-0.900195921728034,-0.6000000000000001
wavelet,False,neural,intermediate,module_score,0.010322469648367593,0.08781130474607463,4,-0.014310709284772037,0.15621627225796947,0.7999999999999999
wavelet,True,neural,intermediate,module_score,0.014678102464368193,0.114311700459721,4,0.022862340091944204,-0.45453497335927107,-0.6000000000000001
wavelet,False,neural,latent_1,latent_dimension,2.2377020690154255,1.4539287249868948,4,-0.2907857449973825,-0.532938103738727,-0.6000000000000001
wavelet,True,neural,latent_1,latent_dimension,3.0746814075138857,1.4539287249868948,4,-0.2907857449973754,-0.9833665108646352,-1.0
wavelet,False,neural,latent_2,latent_dimension,9.016288854405012,2.6588143151659427,4,-0.15396069727842265,0.6584624355139789,0.6000000000000001
wavelet,True,neural,latent_2,latent_dimension,56.318066649092124,6.767381915582708,4,-0.6353952362182436,-0.9702372893763687,-1.0
wavelet,False,neural,latent_3,latent_dimension,0.7536820417843568,0.8619591413113048,4,-0.01930092026617597,-0.9345518901994315,-0.6000000000000001
wavelet,True,neural,latent_3,latent_dimension,0.8609759302648716,0.913241570189199,4,0.031981508611718334,-0.9756935099630082,-1.0
wavelet,False,neural,latent_4,latent_dimension,6.594370804216436,2.097015297255819,4,-0.27968587990574617,-0.20333818820617794,0.0
wavelet,True,neural,latent_4,latent_dimension,6.594370804216436,2.097015297255819,4,-0.27968587990574606,-0.20333818820617783,0.0
wavelet,False,neural,latent_5,latent_dimension,4.938349361729246,1.9274231325781046,4,-0.3506069055145977,0.25870185384260697,0.7999999999999999
wavelet,True,neural,latent_5,latent_dimension,9.050454255968498,2.761940753073698,4,-0.5523881506147396,-0.4477910824246216,-0.6000000000000001
wavelet,False,neural,mesoderm,module_score,0.004061402555045567,0.04964220239340701,4,0.009928440478681409,0.7374466720619102,0.6000000000000001
wavelet,True,neural,mesoderm,module_score,0.027151830315202866,0.1565428555114856,4,0.009928440478681397,-0.8565824007381045,-1.0
wavelet,False,neural,neural,module_score,0.00011919488215698225,0.009190685854024015,4,0.0006989439832533265,0.981178587504224,1.0
wavelet,True,neural,neural,module_score,0.002809081935776987,0.052830161502982594,4,0.0006989439832533126,-0.9100479411306039,-0.6000000000000001
wavelet,False,neural,paraxial_mesoderm,module_score,0.000443624108893072,0.017260292391317072,4,0.001798204931947816,0.63757070204068,0.6000000000000001
wavelet,True,neural,paraxial_mesoderm,module_score,0.0019436586939306222,0.04291935394128293,4,0.0017982049319478187,-0.6356412839401959,-0.6000000000000001
wavelet,False,neural,stress,module_score,6.594386933550925e-05,0.006949261158315845,4,0.0012576883940036976,0.8513285256476173,0.7999999999999999
wavelet,True,neural,stress,module_score,0.0008653618394468071,0.028705012028344162,4,-0.0012576883940036976,-0.9810722522805633,-1.0
wavelet,False,neural,wnt_response,module_score,0.015023325459676289,0.11117699237202508,4,-0.013228643909035186,0.7540614024857175,0.7999999999999999
wavelet,True,neural,wnt_response,module_score,0.004361243147049667,0.06027813408822221,4,0.0037376421855657496,0.9915299008454419,1.0
