dataset,neighbor_rule,k_or_radius,n_neighbors_mean,n_neighbors_std,branch_event_detected,lineage_separation_effect,normalized_separation_effect,alignment_effect,entropy_effect,density_effect,teacher_fidelity_tier,composition_rmse,seed_stability,permutation_p,permutation_q,negative_control_pass,external_direction_match,runtime,interpretation
internal,topological,1.0,1.0,0.0,True,-0.129633610891599,-0.6635425011085225,-0.003110201384434571,-0.5144722725867827,-0.001516305967894288,acceptable,,True,0.3482587064676617,0.41791044776119407,True,True,0.43650630000047386,condensation
internal,topological,2.0,2.0,0.0,True,-0.38623049136083176,-0.8146261183649476,0.006210896629258382,-0.5144722725867827,-0.003985592861935533,acceptable,,True,0.3482587064676617,0.41791044776119407,True,True,0.26975400000810623,condensation
internal,topological,3.0,3.0,0.0,True,-0.46657560474891047,-0.7755975852897637,0.004811037832736731,-0.5144722725867827,-0.006734424108453152,acceptable,,True,0.3482587064676617,0.41791044776119407,True,True,0.27179480000631884,condensation
internal,topological,5.0,5.0,0.0,True,-0.7072942646919541,-0.7660518032175379,0.005735587444692103,-0.5144722725867827,-0.012995605773670205,acceptable,,True,0.3482587064676617,0.41791044776119407,True,True,0.30051720002666116,condensation
internal,topological,7.0,7.0,0.0,True,-0.8693962747068811,-0.7376239317750353,0.00571064060522003,-0.5144722725867827,-0.01991891649167732,acceptable,,True,0.3482587064676617,0.41791044776119407,True,True,0.27760239999042824,condensation
internal,topological,9.0,9.0,0.0,True,-1.0523561363531662,-0.6986979476259341,0.008238734145645216,-0.5144722725867827,-0.02721856304308723,acceptable,,True,0.3482587064676617,0.41791044776119407,True,True,0.301455199951306,condensation
internal,topological,12.0,12.0,0.0,True,-1.373575797438354,-0.6890158596125466,0.005874542955890467,-0.5144722725867827,-0.03849572257458034,acceptable,,True,0.3482587064676617,0.41791044776119407,True,True,0.2874699999811128,condensation
internal,topological,15.0,15.0,0.0,True,-1.585239107212495,-0.6570768191662054,0.006251402479091617,-0.5144722725867827,-0.0503809600399181,acceptable,,True,0.3482587064676617,0.41791044776119407,True,True,0.29914669995196164,condensation
internal,topological,20.0,20.0,0.0,True,-2.096331840571846,-0.6626311880152279,0.004861596817534133,-0.5144722725867827,-0.07142064770035628,acceptable,,True,0.3482587064676617,0.41791044776119407,True,True,0.29113309999229386,condensation
internal,topological,30.0,30.0,0.0,True,-2.851378054233962,-0.6323318908580154,0.004052592029438473,-0.5144722725867827,-0.11667241381493021,acceptable,,True,0.3482587064676617,0.41791044776119407,True,True,0.30070089997025207,condensation
internal,metric,0.01,6.9155999999999995,12.489391553686843,True,-0.129633610891599,-0.6635425011085225,0.0004151454833418722,-0.5144722725867827,0.011398614789618344,acceptable,,True,0.3482587064676617,0.41791044776119407,True,True,35.206481500004884,condensation
internal,metric,0.03,17.8914,27.45661262572558,True,-0.129633610891599,-0.6635425011085225,-0.0031692618353122565,-0.5144722725867827,-0.18272830050308198,acceptable,,True,0.3482587064676617,0.41791044776119407,True,True,28.29469400004018,condensation
internal,metric,0.05,24.386,32.546987753458254,True,-0.1422989001106547,-0.6038575408980739,-0.003454126942597207,-0.5144722725867827,-0.4110488148421956,acceptable,,True,0.3482587064676617,0.41791044776119407,True,True,19.147859899967443,condensation
internal,metric,0.1,37.3454,30.956269303346495,True,-0.1113200427584482,-0.09785974597724567,0.00817741518043148,-0.5144722725867827,0.5298421681663541,acceptable,,True,0.3482587064676617,0.41791044776119407,True,True,1.2759657999849878,condensation
internal,metric,0.2,71.4446,16.801826988594613,True,-0.757204300503588,-0.09547442188248766,0.0022898008125160144,-0.5144722725867827,0.019258702235474878,acceptable,,True,0.3482587064676617,0.41791044776119407,True,True,0.24748650001129135,condensation
internal,random,1.0,1.0,0.0,True,0.9216883983831595,0.04646143067352007,0.03249873013312896,-0.23445884275278916,-0.0036472839080171717,acceptable,,False,0.3482587064676617,0.41791044776119407,True,False,0.39441960002295673,divergence_or_no_condensation
internal,random,2.0,2.0,0.0,True,0.8916245718417244,0.030891444936903392,-0.07457369694632494,-0.07639201644078912,-0.0028631319620447634,acceptable,,False,0.3482587064676617,0.41791044776119407,True,False,0.4163249999983236,divergence_or_no_condensation
internal,random,3.0,3.0,0.0,True,-1.8066001050430505,-0.05287137572601024,-0.19086587311374478,0.36871396182976923,0.006129124669237314,acceptable,,True,0.3482587064676617,0.41791044776119407,False,True,0.44367999996757135,condensation
internal,random,5.0,5.0,0.0,True,2.369050730088103,0.07287066904705534,-0.012618458381101623,-0.3707874279129731,-0.015514281248389402,acceptable,,True,0.3482587064676617,0.41791044776119407,True,False,0.47548429999733344,divergence_or_no_condensation
internal,random,7.0,7.0,0.0,True,-1.8253785908013331,-0.05161828189384723,-0.1929030904260819,0.36871396182976923,0.011424753196860473,acceptable,,True,0.3482587064676617,0.41791044776119407,False,True,0.4420166999916546,condensation
internal,random,9.0,9.0,0.0,True,1.1938937599147106,0.038408741198078904,-0.06082785915638891,-0.22007686111459876,-0.014058080600488595,acceptable,,False,0.3482587064676617,0.41791044776119407,True,False,0.4432481999974698,divergence_or_no_condensation
internal,random,12.0,12.0,0.0,True,1.2584542988546186,0.040493289695286226,-0.06176797668644227,-0.22007686111459876,-0.020897769670939925,acceptable,,False,0.3482587064676617,0.41791044776119407,True,False,0.43858279997948557,divergence_or_no_condensation
internal,random,15.0,15.0,0.0,True,-0.29291387161852595,-0.006034257215012368,-0.12536988213537067,0.07431855035758524,-0.0005954191821528898,acceptable,,False,0.3482587064676617,0.41791044776119407,False,True,0.45958190003875643,condensation
internal,random,20.0,20.0,0.0,True,-1.9011432008997886,-0.053821572395993146,-0.19296916675580847,0.36871396182976923,0.035110708787707647,acceptable,,True,0.3482587064676617,0.41791044776119407,False,True,0.4739918000414036,condensation
internal,random,30.0,30.0,0.0,True,1.2873332451277477,0.041175826377393865,-0.06248898930261674,-0.22007686111459876,-0.048723497793660954,acceptable,,False,0.3482587064676617,0.41791044776119407,True,False,0.4546286999830045,divergence_or_no_condensation
internal,label,1.0,1.0,0.0,True,0.0,0.0,-0.0018062366087242439,-0.5144722725867827,-0.0014793738572810577,acceptable,,True,1.0,1.0,True,False,0.48228600004222244,divergence_or_no_condensation
internal,label,2.0,2.0,0.0,True,0.0,0.0,0.006168213932573309,-0.5144722725867827,-0.0038545908474931223,acceptable,,True,1.0,1.0,True,False,0.5232226999942213,divergence_or_no_condensation
internal,label,3.0,3.0,0.0,True,0.0,0.0,0.005211223045420085,-0.5144722725867827,-0.006519715405019555,acceptable,,True,1.0,1.0,True,False,0.5127790999831632,divergence_or_no_condensation
internal,label,5.0,5.0,0.0,True,0.0,0.0,0.005565907521810028,-0.5144722725867827,-0.012512153480895294,acceptable,,True,1.0,1.0,True,False,0.5208279999787919,divergence_or_no_condensation
internal,label,7.0,7.0,0.0,True,0.0,0.0,0.005793099990945433,-0.5144722725867827,-0.019140709951628976,acceptable,,True,1.0,1.0,True,False,0.49893159995554015,divergence_or_no_condensation
internal,label,9.0,9.0,0.0,True,0.0,0.0,0.00806147711064379,-0.5144722725867827,-0.02608838981403727,acceptable,,True,1.0,1.0,True,False,0.5304362999740988,divergence_or_no_condensation
internal,label,12.0,12.0,0.0,True,0.0,0.0,0.005928595265553442,-0.5144722725867827,-0.036761106699145785,acceptable,,True,1.0,1.0,True,False,0.5214065000182018,divergence_or_no_condensation
internal,label,15.0,15.0,0.0,True,0.0,0.0,0.006399870164372254,-0.5144722725867827,-0.04800291516089272,acceptable,,True,1.0,1.0,True,False,0.5305007999995723,divergence_or_no_condensation
internal,label,20.0,20.0,0.0,True,0.0,0.0,0.00506841282042414,-0.5144722725867827,-0.06795777838570771,acceptable,,True,1.0,1.0,True,False,0.5075383000075817,divergence_or_no_condensation
internal,label,30.0,30.0,0.0,True,0.0,0.0,0.004417823592497205,-0.5144722725867827,-0.11058130673308852,acceptable,,True,1.0,1.0,True,False,0.5564568000263534,divergence_or_no_condensation
internal,mixed,1.0,1.0,0.0,True,-0.37326306299798984,-0.8102906392964293,0.004434126887142224,-0.5144722725867827,0.0009181838977484064,acceptable,,True,0.3482587064676617,0.41791044776119407,True,True,0.27357430005213246,condensation
internal,mixed,2.0,2.0,0.0,True,-0.7858871908401545,-0.8413991453339319,0.002535790814936427,-0.5144722725867827,0.0018317303056002987,acceptable,,True,0.3482587064676617,0.41791044776119407,True,True,0.2938182999496348,condensation
internal,mixed,3.0,3.0,0.0,True,-1.3692674688410298,-0.8604453184446659,0.0084651897694775,-0.5144722725867827,0.0030450161205295423,acceptable,,True,0.3482587064676617,0.41791044776119407,True,True,0.29770450002979487,condensation
internal,mixed,5.0,5.0,0.0,True,-1.9099530413205033,-0.7855089170172799,0.006689770608011573,-0.5144722725867827,0.003785164536640795,acceptable,,True,0.3482587064676617,0.41791044776119407,True,True,0.279760500008706,condensation
internal,mixed,7.0,7.0,0.0,True,-2.747730984641505,-0.7848714556242432,0.006789200348170599,-0.5144722725867827,0.004994949994476361,acceptable,,True,0.3482587064676617,0.41791044776119407,True,True,0.2808414000319317,condensation
internal,mixed,9.0,9.0,0.0,True,-3.6719916277189126,-0.7631832144899525,0.006348259374732795,-0.5144722725867827,0.008279299375049565,acceptable,,True,0.3482587064676617,0.41791044776119407,True,True,0.27657760004512966,condensation
internal,mixed,12.0,12.0,0.0,True,-4.945364285909028,-0.7641030497523479,0.0067577329647412615,-0.5144722725867827,0.014628216788430848,acceptable,,True,0.3482587064676617,0.41791044776119407,True,True,0.3056135000078939,condensation
internal,mixed,15.0,15.0,0.0,True,-5.958342882059567,-0.7408631189302793,0.006909300867919792,-0.5144722725867827,0.019132386109975696,acceptable,,True,0.3482587064676617,0.41791044776119407,True,True,0.28697690000990406,condensation
internal,mixed,20.0,20.0,0.0,True,-7.190471095493367,-0.6704946130292581,0.00633671662838084,-0.5144722725867827,0.029520648277647776,acceptable,,True,0.3482587064676617,0.41791044776119407,True,True,0.3042007000185549,condensation
internal,mixed,30.0,30.0,0.0,True,-6.628700635594482,-0.4791574870026759,0.004840403048814487,-0.5144722725867827,0.049511213410140975,acceptable,,True,0.3482587064676617,0.41791044776119407,True,True,0.30939150002086535,condensation
E1,topological,1.0,1.0,0.0,True,-0.675898603296331,-0.44746022866463486,0.07126538575818797,0.05907508278429441,0.030471657593811874,acceptable,,True,0.3482587064676617,0.41791044776119407,True,True,0.12713460001396015,condensation
E1,topological,2.0,2.0,0.0,True,-1.117968385514307,-0.4600290081405807,0.08823687178834416,0.05907508278429441,0.061233216320696116,acceptable,,True,0.3482587064676617,0.41791044776119407,True,True,0.12528959999326617,condensation
E1,topological,3.0,3.0,0.0,True,-1.307658617378445,-0.4391779267443765,0.09920899923339166,0.05907508278429441,0.09160381090001168,acceptable,,True,0.3482587064676617,0.41791044776119407,True,True,0.12820429995190352,condensation
E1,topological,5.0,5.0,0.0,True,-1.825287862966551,-0.43415028083757357,0.10445339262693853,0.05907508278429441,0.1532821698416713,acceptable,,True,0.3482587064676617,0.41791044776119407,True,True,0.1347881000256166,condensation
E1,topological,7.0,7.0,0.0,True,-2.024669853979447,-0.4142650864320055,0.10718431056900457,0.05907508278429441,0.2129824420324029,acceptable,,True,0.3482587064676617,0.41791044776119407,True,True,0.13978149998001754,condensation
E1,topological,9.0,9.0,0.0,True,-1.871692369313406,-0.3485144744162989,0.10458003453400488,0.05907508278429441,0.272217553937498,acceptable,,True,0.3482587064676617,0.41791044776119407,True,True,0.12294359999941662,condensation
E1,topological,12.0,12.0,0.0,True,-2.1105703975490018,-0.3402723319058843,0.10748569397204422,0.05907508278429441,0.36424190021901826,acceptable,,True,0.3482587064676617,0.41791044776119407,True,True,0.12926210003206506,condensation
E1,topological,15.0,15.0,0.0,True,-2.314760451171108,-0.3414118054297757,0.1056076490181127,0.05907508278429441,0.4603447270760781,acceptable,,True,0.3482587064676617,0.41791044776119407,True,True,0.13044539996189997,condensation
E1,topological,20.0,20.0,0.0,True,-2.0673475179107097,-0.28623736175621967,0.10330096957577051,0.05907508278429441,0.615129740401791,acceptable,,True,0.3482587064676617,0.41791044776119407,True,True,0.12886190001154318,condensation
E1,topological,30.0,30.0,0.0,True,-1.9828144340777918,-0.24996407016127548,0.09188907925878642,0.05907508278429441,0.8525763671265851,acceptable,,True,0.3482587064676617,0.41791044776119407,True,True,0.13136430003214628,condensation
E1,metric,0.01,3.433183745598311,3.8413206940432523,True,-0.9875290881873375,-0.40888520906627807,-0.27047855808493165,-0.2405711729254637,-0.0707659078272922,acceptable,,True,0.3482587064676617,0.41791044776119407,True,True,6.7505267999949865,condensation
E1,metric,0.03,9.214178524776761,9.157983041321122,True,-0.784351011978516,-0.22042587527672935,-0.25350187596988355,-0.2405711729254637,-0.1855354345955833,acceptable,,True,0.3482587064676617,0.41791044776119407,True,True,3.1858624999877065,condensation
E1,metric,0.05,14.71524121362132,12.802563702491561,True,-1.1728433305043837,-0.3052856503455265,-0.5737793907572473,-0.4566884866377362,-4.281302528441585,acceptable,,True,0.3482587064676617,0.41791044776119407,True,True,1.8633715999894775,condensation
E1,metric,0.1,26.544847483423283,17.121596505712706,True,-1.310752121962473,-0.25195830555784177,-0.47935600086866925,-0.4566884866377362,-5.8868342277542665,acceptable,,True,0.3482587064676617,0.41791044776119407,True,True,1.0077966999961063,condensation
E1,metric,0.2,43.44454601946742,19.0633008023842,True,-1.7867409825657603,-0.24658368703559544,-0.3603609768117505,-0.4566884866377362,-6.492142580262746,acceptable,,True,0.3482587064676617,0.41791044776119407,True,True,0.5090872999862768,condensation
E1,random,1.0,1.0,0.0,True,-1.6889782532133968,-0.14931085176264083,-0.09120096464070203,-0.45668848663773626,0.007227868126594705,acceptable,,True,0.3482587064676617,0.41791044776119407,False,True,0.16131060000043362,condensation
E1,random,2.0,2.0,0.0,True,-1.3074892966476372,-0.10711663271600763,-0.09101462737192245,-0.45668848663773626,0.018501944651915996,acceptable,,True,0.3482587064676617,0.41791044776119407,False,True,0.1577087999903597,condensation
E1,random,3.0,3.0,0.0,True,-1.3048423102861377,-0.10558626629354247,-0.08636037413897284,-0.45668848663773626,0.035421797469727345,acceptable,,True,0.3482587064676617,0.41791044776119407,False,True,0.16466180002316833,condensation
E1,random,5.0,5.0,0.0,True,-1.194452216460137,-0.09658879227857393,-0.08868661581129104,-0.45668848663773626,0.05041367402788246,acceptable,,True,0.3482587064676617,0.41791044776119407,False,True,0.18009099998744205,condensation
E1,random,7.0,7.0,0.0,True,-1.1609561392382772,-0.09379410461118803,-0.08463673999195065,-0.45668848663773626,0.07107354379496962,acceptable,,True,0.3482587064676617,0.41791044776119407,False,True,0.17037030000938103,condensation
E1,random,9.0,9.0,0.0,True,-1.2281555688159216,-0.09938657577562583,-0.08784269478812652,-0.45668848663773626,0.09657770825152001,acceptable,,True,0.3482587064676617,0.41791044776119407,False,True,0.1779683000058867,condensation
E1,random,12.0,12.0,0.0,True,-1.2082836766728804,-0.09750078001169953,-0.08524301177977699,-0.45668848663773626,0.12686038115538545,acceptable,,True,0.3482587064676617,0.41791044776119407,False,True,0.17075370001839474,condensation
E1,random,15.0,15.0,0.0,True,-1.199814636300444,-0.09694622635640764,-0.08586378644701849,-0.45668848663773626,0.15377961842016682,acceptable,,True,0.3482587064676617,0.41791044776119407,False,True,0.17017869994742796,condensation
E1,random,20.0,20.0,0.0,True,-1.2752213385282485,-0.10295881738886985,-0.08579973201019984,-0.45668848663773626,0.21936857724882128,acceptable,,True,0.3482587064676617,0.41791044776119407,False,True,0.1798605999792926,condensation
E1,random,30.0,30.0,0.0,True,-1.2846932835088314,-0.103706160802908,-0.08590885067017877,-0.45668848663773626,0.334163697106276,acceptable,,True,0.3482587064676617,0.41791044776119407,False,True,0.19449829997029155,condensation
E1,label,1.0,1.0,0.0,True,-0.06946384662055755,-0.6753476028037245,0.0677213701950432,0.05907508278429441,0.030330680524104925,acceptable,,True,0.3482587064676617,0.41791044776119407,True,True,1.0515660000382923,condensation
E1,label,2.0,1.9758066420570162,0.13012443818870822,True,-0.07341219809562728,-0.678152436415077,0.08987255567118135,0.05907508278429441,0.06537266047644863,acceptable,,True,0.3482587064676617,0.41791044776119407,True,True,1.0470386000233702,condensation
E1,label,3.0,2.93565728459739,0.28601195397573964,True,-0.0753882508896567,-0.6789805201787603,0.10340572096775436,0.05907508278429441,0.09985881395425067,acceptable,,True,0.3482587064676617,0.41791044776119407,True,True,1.0438961000181735,condensation
E1,label,5.0,4.807448207814917,0.6766708607489712,True,-0.07874492030835581,-0.6816558082013444,0.11539957621669605,0.05907508278429441,0.17607625459193532,acceptable,,True,0.3482587064676617,0.41791044776119407,True,True,1.0538974999799393,condensation
E1,label,7.0,6.599987127621322,1.152328866886156,True,-0.08132180339318124,-0.6836755200392958,0.11601797052552809,0.05907508278429441,0.2617777705350117,acceptable,,True,0.3482587064676617,0.41791044776119407,True,True,1.063041100045666,condensation
E1,label,9.0,8.30656671761896,1.70205956665351,True,-0.08375302312533464,-0.6861510487608031,0.11741161326516025,0.05907508278429441,0.359342780494911,acceptable,,True,0.3482587064676617,0.41791044776119407,True,True,1.0523208000231534,condensation
E1,label,12.0,10.761745858235699,2.6185132366247728,True,-0.08674579702993283,-0.6882666072099982,0.11595193672404669,0.05907508278429441,0.5080097087472453,acceptable,,True,0.3482587064676617,0.41791044776119407,True,True,1.0560776999918744,condensation
E1,label,15.0,13.03529963673335,3.550493716790823,True,-0.08887962645411496,-0.6889894711439286,0.10669266177655656,0.05907508278429441,0.6812766966320307,acceptable,,True,0.3482587064676617,0.41791044776119407,True,True,1.0553307000081986,condensation
E1,label,20.0,16.233501842901116,5.108217191616744,True,-0.09141038181878997,-0.6876155891574316,0.09521778672623482,0.05907508278429441,0.9279416511764476,acceptable,,True,0.3482587064676617,0.41791044776119407,True,True,1.0791218999656849,condensation
E1,label,30.0,20.694949499535664,7.751400946989343,True,-0.09523535364734788,-0.6839916828676921,0.08560498293230667,0.05907508278429441,1.2794535709974628,acceptable,,True,0.3482587064676617,0.41791044776119407,True,True,1.0373571999953128,condensation
E1,mixed,1.0,1.0,0.0,True,-0.7947651757178329,-0.4268355282583241,0.04087227665135762,0.05907508278429441,0.025437107163842204,acceptable,,True,0.3482587064676617,0.41791044776119407,True,True,0.1232187999994494,condensation
E1,mixed,2.0,2.0,0.0,True,-1.0393705033246952,-0.378782732407262,0.06792050483509304,0.05907508278429441,0.05034443229403185,acceptable,,True,0.3482587064676617,0.41791044776119407,True,True,0.1278316000243649,condensation
E1,mixed,3.0,3.0,0.0,True,-1.4891309533456587,-0.3999590390755314,0.07518072528231823,0.05907508278429441,0.0800904240282494,acceptable,,True,0.3482587064676617,0.41791044776119407,True,True,0.14001719997031614,condensation
E1,mixed,5.0,5.0,0.0,True,-1.6077207962715163,-0.3525959194756393,0.08288390418198566,0.05907508278429441,0.1338233689887397,acceptable,,True,0.3482587064676617,0.41791044776119407,True,True,0.12715310003841296,condensation
E1,mixed,7.0,7.0,0.0,True,-1.6207305773394434,-0.30931115233907036,0.0825685181604272,0.05907508278429441,0.18807915893723592,acceptable,,True,0.3482587064676617,0.41791044776119407,True,True,0.1291579999960959,condensation
E1,mixed,9.0,9.0,0.0,True,-1.4536914033012174,-0.2552913211759121,0.08095107423339287,0.05907508278429441,0.24103024068168,acceptable,,True,0.3482587064676617,0.41791044776119407,True,True,0.12830420001409948,condensation
E1,mixed,12.0,12.0,0.0,True,-1.6003717592542275,-0.2455694726923645,0.07871613989374515,0.05907508278429441,0.3222362706924571,acceptable,,True,0.3482587064676617,0.41791044776119407,True,True,0.13830359996063635,condensation
E1,mixed,15.0,15.0,0.0,True,-1.6494203124959066,-0.23615144780775355,0.07583127333513517,0.05907508278429441,0.40598063770804016,acceptable,,True,0.3482587064676617,0.41791044776119407,True,True,0.12614069995470345,condensation
E1,mixed,20.0,20.0,0.0,True,-1.3794815675476828,-0.18247995947602763,0.07100087745850114,0.05907508278429441,0.5382641316986678,acceptable,,True,0.3482587064676617,0.41791044776119407,True,True,0.13589889998547733,condensation
E1,mixed,30.0,30.0,0.0,True,-1.2499523569696613,-0.14997237667790292,0.05495956429541371,0.05907508278429441,0.7017232284504402,acceptable,,True,0.3482587064676617,0.41791044776119407,True,True,0.1376235000207089,condensation
L2,topological,1.0,1.0,0.0,True,0.9375345432616425,5.876934738635814,-0.3409812772697332,0.09667453732044184,-0.02652803091112066,fail,,True,0.3482587064676617,0.41791044776119407,True,False,0.1851164000108838,divergence_or_no_condensation
L2,topological,2.0,2.0,0.0,True,1.6210529335202568,6.530368278178527,-0.3254205657475524,0.09667453732044184,-0.04732795892263686,fail,,True,0.3482587064676617,0.41791044776119407,True,False,0.19269689999055117,divergence_or_no_condensation
L2,topological,3.0,3.0,0.0,True,2.221067677538538,7.706750656414099,-0.3086631977210298,0.09667453732044184,-0.06715148209478644,fail,,True,0.3482587064676617,0.41791044776119407,True,False,0.19498199998633936,divergence_or_no_condensation
L2,topological,5.0,5.0,0.0,True,2.9587549461165494,7.298111268099764,-0.29104806933465,0.09667453732044184,-0.10538685175627116,fail,,True,0.3482587064676617,0.41791044776119407,True,False,0.19722039997577667,divergence_or_no_condensation
L2,topological,7.0,7.0,0.0,True,3.4689638503309053,6.326957288690635,-0.277162925504334,0.09667453732044184,-0.14207240574567015,fail,,True,0.3482587064676617,0.41791044776119407,True,False,0.1898915000492707,divergence_or_no_condensation
L2,topological,9.0,9.0,0.0,True,4.034377237625371,6.0503327534128815,-0.267565665198105,0.09667453732044184,-0.17801577649369893,fail,,True,0.3482587064676617,0.41791044776119407,True,False,0.19306289998348802,divergence_or_no_condensation
L2,topological,12.0,12.0,0.0,True,4.508693265187416,5.1684710535999505,-0.25604768117657045,0.09667453732044184,-0.2304443934370819,fail,,True,0.3482587064676617,0.41791044776119407,True,False,0.20105140004307032,divergence_or_no_condensation
L2,topological,15.0,15.0,0.0,True,4.795945371492536,4.647864298785373,-0.24726730764312405,0.09667453732044184,-0.2814966821678069,fail,,True,0.3482587064676617,0.41791044776119407,True,False,0.20475619996432215,divergence_or_no_condensation
L2,topological,20.0,20.0,0.0,True,5.278385242399744,3.953537831991507,-0.23628249343986546,0.09667453732044184,-0.3643349341360431,fail,,True,0.3482587064676617,0.41791044776119407,True,False,0.1998549000127241,divergence_or_no_condensation
L2,topological,30.0,30.0,0.0,True,5.390824686057335,2.469803250539803,-0.22262383669077734,0.09667453732044184,-0.5236936196190922,fail,,True,0.3482587064676617,0.41791044776119407,True,False,0.20430789998499677,divergence_or_no_condensation
L2,metric,0.01,5.605956051240825,6.363058615673002,True,2.4237542837171118,4.245140548085793,-0.30690420327703005,0.09667453732044184,-0.030737743363879355,fail,,True,0.3482587064676617,0.41791044776119407,True,False,7.278731399972457,divergence_or_no_condensation
L2,metric,0.03,16.01654835152846,15.10199491365605,True,3.7450708841648948,2.5098069231326563,-0.2712348664081438,0.09667453732044184,-0.06958737018597372,fail,,True,0.3482587064676617,0.41791044776119407,True,False,2.5152726999949664,divergence_or_no_condensation
L2,metric,0.05,25.861961440220483,20.73463937690046,True,4.438594838490426,2.0579763836487723,-0.24961908038606218,0.09667453732044184,-0.13570317520675967,fail,,True,0.3482587064676617,0.41791044776119407,True,False,1.4795249000308104,divergence_or_no_condensation
L2,metric,0.1,43.58694141468871,24.154082440304332,True,4.9455514115295625,1.4142469942910558,-0.2222021059781144,0.09667453732044184,-0.25764985371653815,fail,,True,0.3482587064676617,0.41791044776119407,True,False,0.705004999996163,divergence_or_no_condensation
L2,metric,0.2,59.84433306629163,19.631347307683033,True,5.262230881702006,1.0572782548227742,-0.19510117546872663,0.09667453732044184,-0.6824736820096629,fail,,True,0.3482587064676617,0.41791044776119407,True,False,0.2718650999595411,divergence_or_no_condensation
L2,random,1.0,1.0,0.0,True,6.232397265904822,13.265465734195272,-0.12678296463945857,0.09667453732044184,-0.011663854554731698,fail,,True,0.3482587064676617,0.41791044776119407,True,False,0.2469384999712929,divergence_or_no_condensation
L2,random,2.0,2.0,0.0,True,8.931373204786803,13.398154369991758,-0.12396550667063805,0.09667453732044184,-0.02350110482891879,fail,,True,0.3482587064676617,0.41791044776119407,True,False,0.25419319997308776,divergence_or_no_condensation
L2,random,3.0,3.0,0.0,True,10.38677061661631,11.485088706637185,-0.12271584461089559,0.09667453732044184,-0.03344547458357138,fail,,True,0.3482587064676617,0.41791044776119407,True,False,0.254135099996347,divergence_or_no_condensation
L2,random,5.0,5.0,0.0,True,12.04243869008546,8.678871387357178,-0.12265625176426316,0.09667453732044184,-0.0559375372945333,fail,,True,0.3482587064676617,0.41791044776119407,True,False,0.2771879999781959,divergence_or_no_condensation
L2,random,7.0,7.0,0.0,True,12.791399409160647,6.970597289958277,-0.12098801561938533,0.09667453732044184,-0.07682883088902327,fail,,True,0.3482587064676617,0.41791044776119407,True,False,0.2699592999997549,divergence_or_no_condensation
L2,random,9.0,9.0,0.0,True,12.909002890114676,5.354786645612346,-0.12400886594543913,0.09667453732044184,-0.09886091306291922,fail,,True,0.3482587064676617,0.41791044776119407,True,False,0.3036788000026718,divergence_or_no_condensation
L2,random,12.0,12.0,0.0,True,13.151536420705392,4.347950939988897,-0.12467856367897256,0.09667453732044184,-0.1305580007163769,fail,,True,0.3482587064676617,0.41791044776119407,True,False,0.3122525999788195,divergence_or_no_condensation
L2,random,15.0,15.0,0.0,True,12.912405068912285,3.6440498465906437,-0.12437710714924377,0.09667453732044184,-0.16354177227486355,fail,,True,0.3482587064676617,0.41791044776119407,True,False,0.27913169999374077,divergence_or_no_condensation
L2,random,20.0,20.0,0.0,True,12.058861793885791,2.578739071617236,-0.12323755792983125,0.09667453732044184,-0.2144811139979669,fail,,True,0.3482587064676617,0.41791044776119407,True,False,0.27770249999593943,divergence_or_no_condensation
L2,random,30.0,30.0,0.0,True,10.987524347975588,1.8364469257394733,-0.1234721548666788,0.09667453732044184,-0.322894476816425,fail,,True,0.3482587064676617,0.41791044776119407,True,False,0.28647839999757707,divergence_or_no_condensation
L2,label,1.0,1.0,0.0,True,0.0,0.0,-0.3377785685304707,0.09667453732044184,-0.027303381931802206,fail,,True,1.0,1.0,True,False,0.3451978000230156,divergence_or_no_condensation
L2,label,2.0,1.9994994994994995,0.009119553132276574,True,0.0,0.0,-0.3241892208281983,0.09667453732044184,-0.04934343221493814,fail,,True,1.0,1.0,True,False,0.3506851000129245,divergence_or_no_condensation
L2,label,3.0,2.9989989989989994,0.018239106264553148,True,0.0,0.0,-0.3083078469245601,0.09667453732044184,-0.07051556783903629,fail,,True,1.0,1.0,True,False,0.3427145999739878,divergence_or_no_condensation
L2,label,5.0,4.988419453936696,0.07526835952396564,True,0.0,0.0,-0.29050250745912515,0.09667453732044184,-0.11130768360929744,fail,,True,1.0,1.0,True,False,0.3803090999717824,divergence_or_no_condensation
L2,label,7.0,6.968261364813089,0.17108775977823756,True,0.0,0.0,-0.27620005228294625,0.09667453732044184,-0.1500562974437467,fail,,True,1.0,1.0,True,False,0.3507528000045568,divergence_or_no_condensation
L2,label,9.0,8.94319228735308,0.30706781622353735,True,0.0,0.0,-0.2665940453099258,0.09667453732044184,-0.1876011102052395,fail,,True,1.0,1.0,True,False,0.34376200003316626,divergence_or_no_condensation
L2,label,12.0,11.896226807824414,0.5787955105586783,True,0.0,0.0,-0.25428340484651596,0.09667453732044184,-0.2421602271910479,fail,,True,1.0,1.0,True,False,0.3829004000290297,divergence_or_no_condensation
L2,label,15.0,14.839613509209206,0.9192882804322253,True,0.0,0.0,-0.24587620600046806,0.09667453732044184,-0.2949582559490296,fail,,True,1.0,1.0,True,False,0.38018340000417084,divergence_or_no_condensation
L2,label,20.0,19.74525801151719,1.4867762302214702,True,0.0,0.0,-0.23505120259031542,0.09667453732044184,-0.3815949135955794,fail,,True,1.0,1.0,True,False,0.3993542000534944,divergence_or_no_condensation
L2,label,30.0,29.556547016133155,2.62175212979996,True,0.0,0.0,-0.2217310424391879,0.09667453732044184,-0.5518704854784842,fail,,True,1.0,1.0,True,False,0.3738732000347227,divergence_or_no_condensation
L2,mixed,1.0,1.0,0.0,True,0.4124959336864121,2.689414595888058,-0.2989597513257111,0.09667453732044184,-0.026277156336796892,fail,,True,0.3482587064676617,0.41791044776119407,True,False,0.18280389998108149,divergence_or_no_condensation
L2,mixed,2.0,2.0,0.0,True,0.8936498875487336,4.001377535059289,-0.2822975331581538,0.09667453732044184,-0.04828027505496291,fail,,True,0.3482587064676617,0.41791044776119407,True,False,0.1827540000085719,divergence_or_no_condensation
L2,mixed,3.0,3.0,0.0,True,1.149909498685917,3.6145389494114246,-0.2721130473897331,0.09667453732044184,-0.06867011663520672,fail,,True,0.3482587064676617,0.41791044776119407,True,False,0.18738980003399774,divergence_or_no_condensation
L2,mixed,5.0,5.0,0.0,True,-2.2035166209078896,-0.7977606024182957,0.1573341619828218,0.17133662744132067,0.054160996697038,fail,,True,0.3482587064676617,0.41791044776119407,True,True,0.20465410000178963,condensation
L2,mixed,7.0,7.0,0.0,True,-2.4787856281063445,-0.7633972204507574,0.16281021227334114,0.17133662744132067,0.07916900171183894,fail,,True,0.3482587064676617,0.41791044776119407,True,True,0.19055070000467822,condensation
L2,mixed,9.0,9.0,0.0,True,-2.8194051043900523,-0.7419319330265929,0.16997774754798178,0.17133662744132067,0.10324316628871466,fail,,True,0.3482587064676617,0.41791044776119407,True,True,0.1922152999904938,condensation
L2,mixed,12.0,12.0,0.0,True,-3.5574427914969946,-0.7410550302060886,0.17909936553832628,0.17133662744132067,0.14128122588565684,fail,,True,0.3482587064676617,0.41791044776119407,True,True,0.1848277000244707,condensation
L2,mixed,15.0,15.0,0.0,True,-4.401669778147815,-0.74224312434243,0.18630907901932636,0.17133662744132067,0.18584861898489757,fail,,True,0.3482587064676617,0.41791044776119407,True,True,0.19468489999417216,condensation
L2,mixed,20.0,20.0,0.0,True,-5.895753889833987,-0.7483987170348891,0.19627455298066288,0.17133662744132067,0.25416449254311413,fail,,True,0.3482587064676617,0.41791044776119407,True,True,0.205024000024423,condensation
L2,mixed,30.0,30.0,0.0,True,-6.566507725589371,-0.6933560816684914,0.21084391035747874,0.17133662744132067,0.3983325370099857,fail,,True,0.3482587064676617,0.41791044776119407,True,True,0.2252550000557676,condensation
E2,topological,1.0,1.0,0.0,True,1.017396888495461,1.1228899021088776,0.0,0.0,-0.03884032858525771,weak,,True,0.3482587064676617,0.41791044776119407,True,False,0.1284268000163138,divergence_or_no_condensation
E2,topological,2.0,2.0,0.0,True,1.5086143390913873,0.99022821868554,0.0,0.0,-0.07604937121661942,weak,,True,0.3482587064676617,0.41791044776119407,True,False,0.12197770003695041,divergence_or_no_condensation
E2,topological,3.0,3.0,0.0,True,1.9747482819350382,1.0405717191732458,0.0,0.0,-0.11506208403911622,weak,,True,0.3482587064676617,0.41791044776119407,True,False,0.11863730003824458,divergence_or_no_condensation
E2,topological,5.0,5.0,0.0,True,2.54952765959353,1.080346044442523,0.0,0.0,-0.19186344736711647,weak,,True,0.3482587064676617,0.41791044776119407,True,False,0.12453170004300773,divergence_or_no_condensation
E2,topological,7.0,7.0,0.0,True,2.8968285221722136,1.107620798940084,0.0,0.0,-0.2696916521812933,weak,,True,0.3482587064676617,0.41791044776119407,True,False,0.12161039997590706,divergence_or_no_condensation
E2,topological,9.0,9.0,0.0,True,3.2386651372745785,1.1613448365525336,0.0,0.0,-0.3479825293026835,weak,,True,0.3482587064676617,0.41791044776119407,True,False,0.12022819998674095,divergence_or_no_condensation
E2,topological,12.0,12.0,0.0,True,3.785981732708087,1.2895841156060053,0.0,0.0,-0.46536488619472793,weak,,True,0.3482587064676617,0.41791044776119407,True,False,0.13216019998071715,divergence_or_no_condensation
E2,topological,15.0,15.0,0.0,True,4.2239675466387006,1.4003514174176943,0.0,0.0,-0.5820712061211264,weak,,True,0.3482587064676617,0.41791044776119407,True,False,0.13818110001739115,divergence_or_no_condensation
E2,topological,20.0,20.0,0.0,True,4.781131046093464,1.525826509801969,0.0,0.0,-0.7741854088239988,weak,,True,0.3482587064676617,0.41791044776119407,True,False,0.12522500002523884,divergence_or_no_condensation
E2,topological,30.0,30.0,0.0,True,5.529920445212368,1.6660679030057859,0.0,0.0,-1.1490516033306175,weak,,True,0.3482587064676617,0.41791044776119407,True,False,0.1276447999989614,divergence_or_no_condensation
E2,metric,0.01,3.8544444444444443,3.976512209334653,True,1.7611679094379855,1.065097468145197,0.0,0.0,-0.18723109303358698,weak,,True,0.3482587064676617,0.41791044776119407,True,False,4.745219199976418,divergence_or_no_condensation
E2,metric,0.03,10.874444444444446,10.122665802533398,True,2.9668278366504324,1.3067740640846206,0.0,0.0,-0.5306486839305711,weak,,True,0.3482587064676617,0.41791044776119407,True,False,1.9247225999715738,divergence_or_no_condensation
E2,metric,0.05,18.00722222222222,15.349285820737473,True,3.791124621917378,1.469832834365319,0.0,0.0,-0.8593613474644068,weak,,True,0.3482587064676617,0.41791044776119407,True,False,1.1690612999955192,divergence_or_no_condensation
E2,metric,0.1,34.87888888888889,24.247789783550765,True,4.99757342836829,1.6445660622045044,0.0,0.0,-1.3784828696572022,weak,,True,0.3482587064676617,0.41791044776119407,True,False,0.45026620000135154,divergence_or_no_condensation
E2,metric,0.2,57.21944444444445,25.88948133086266,True,6.342663634746847,1.7808447205811564,0.0,0.0,-1.703705935894427,weak,,True,0.3482587064676617,0.41791044776119407,True,False,0.170691600011196,divergence_or_no_condensation
E2,random,1.0,1.0,0.0,True,6.364706656851105,2.3020823878728423,0.0,0.0,-0.026414782121397126,weak,,True,0.3482587064676617,0.41791044776119407,True,False,0.14946230000350624,divergence_or_no_condensation
E2,random,2.0,2.0,0.0,True,8.55931154256791,2.0698626543491874,0.0,0.0,-0.05087835117889437,weak,,True,0.3482587064676617,0.41791044776119407,True,False,0.15531170001486316,divergence_or_no_condensation
E2,random,3.0,3.0,0.0,True,9.627703244668888,2.024665024196972,0.0,0.0,-0.07356589186782447,weak,,True,0.3482587064676617,0.41791044776119407,True,False,0.15470850002020597,divergence_or_no_condensation
E2,random,5.0,5.0,0.0,True,9.92170308798115,1.8747361795706705,0.0,0.0,-0.11972099093316994,weak,,True,0.3482587064676617,0.41791044776119407,True,False,0.163089299981948,divergence_or_no_condensation
E2,random,7.0,7.0,0.0,True,9.887223107184395,1.8000769341404315,0.0,0.0,-0.16416836667417786,weak,,True,0.3482587064676617,0.41791044776119407,True,False,0.17461079999338835,divergence_or_no_condensation
E2,random,9.0,9.0,0.0,True,9.995865619716875,1.8208318366419756,0.0,0.0,-0.21496582721197746,weak,,True,0.3482587064676617,0.41791044776119407,True,False,0.16582749999361113,divergence_or_no_condensation
E2,random,12.0,12.0,0.0,True,9.94060999941934,1.8068704204704185,0.0,0.0,-0.2795552788896261,weak,,True,0.3482587064676617,0.41791044776119407,True,False,0.16447409999091178,divergence_or_no_condensation
E2,random,15.0,15.0,0.0,True,9.917930549914793,1.7964648910583858,0.0,0.0,-0.3508094935096882,weak,,True,0.3482587064676617,0.41791044776119407,True,False,0.16257729998324066,divergence_or_no_condensation
E2,random,20.0,20.0,0.0,True,9.929731793892637,1.800847601877669,0.0,0.0,-0.46620737682464214,weak,,True,0.3482587064676617,0.41791044776119407,True,False,0.16596979997120798,divergence_or_no_condensation
E2,random,30.0,30.0,0.0,True,9.935706571380608,1.8023456131517854,0.0,0.0,-0.6954192494321733,weak,,True,0.3482587064676617,0.41791044776119407,True,False,0.18912170000839978,divergence_or_no_condensation
E2,label,1.0,1.0,0.0,True,0.0,0.0,0.0,0.0,-0.05198022968766969,weak,,True,1.0,1.0,True,False,0.21950440004002303,divergence_or_no_condensation
E2,label,2.0,2.0,0.0,True,0.0,0.0,0.0,0.0,-0.09152512712843747,weak,,True,1.0,1.0,True,False,0.21108969999477267,divergence_or_no_condensation
E2,label,3.0,3.0,0.0,True,0.0,0.0,0.0,0.0,-0.13664535968992886,weak,,True,1.0,1.0,True,False,0.2083330000168644,divergence_or_no_condensation
E2,label,5.0,5.0,0.0,True,0.0,0.0,0.0,0.0,-0.2348599653889858,weak,,True,1.0,1.0,True,False,0.21057130000554025,divergence_or_no_condensation
E2,label,7.0,7.0,0.0,True,0.0,0.0,0.0,0.0,-0.32392113802089895,weak,,True,1.0,1.0,True,False,0.22879540000576526,divergence_or_no_condensation
E2,label,9.0,9.0,0.0,True,0.0,0.0,0.0,0.0,-0.4110894088242443,weak,,True,1.0,1.0,True,False,0.22505150001961738,divergence_or_no_condensation
E2,label,12.0,12.0,0.0,True,0.0,0.0,0.0,0.0,-0.5408991199276187,weak,,True,1.0,1.0,True,False,0.22173900000052527,divergence_or_no_condensation
E2,label,15.0,15.0,0.0,True,0.0,0.0,0.0,0.0,-0.6679390964862288,weak,,True,1.0,1.0,True,False,0.21349850000115111,divergence_or_no_condensation
E2,label,20.0,20.0,0.0,True,0.0,0.0,0.0,0.0,-0.8767161243095032,weak,,True,1.0,1.0,True,False,0.2156478999531828,divergence_or_no_condensation
E2,label,30.0,30.0,0.0,True,0.0,0.0,0.0,0.0,-1.2891668181646838,weak,,True,1.0,1.0,True,False,0.2286487999954261,divergence_or_no_condensation
E2,mixed,1.0,1.0,0.0,True,0.1571782235447891,2.202499972344061,0.0,0.0,-0.0432504275581366,weak,,True,0.3482587064676617,0.41791044776119407,True,False,0.11026380001567304,divergence_or_no_condensation
E2,mixed,2.0,2.0,0.0,True,0.3140033071143955,1.3886774354082927,0.0,0.0,-0.08309474283546553,weak,,True,0.3482587064676617,0.41791044776119407,True,False,0.11414349998813123,divergence_or_no_condensation
E2,mixed,3.0,3.0,0.0,True,0.5791513443166647,2.001694925065929,0.0,0.0,-0.12422641198070394,weak,,True,0.3482587064676617,0.41791044776119407,True,False,0.1243419999955222,divergence_or_no_condensation
E2,mixed,5.0,5.0,0.0,True,1.086740970227589,2.2102599561757956,0.0,0.0,-0.20453505379426795,weak,,True,0.3482587064676617,0.41791044776119407,True,False,0.11526380002032965,divergence_or_no_condensation
E2,mixed,7.0,7.0,0.0,True,1.5342463003703253,2.2692855829439296,0.0,0.0,-0.28648001719163374,weak,,True,0.3482587064676617,0.41791044776119407,True,False,0.11786609998671338,divergence_or_no_condensation
E2,mixed,9.0,9.0,0.0,True,1.9400135867725257,2.3422351206124508,0.0,0.0,-0.36909637621245217,weak,,True,0.3482587064676617,0.41791044776119407,True,False,0.11339750001206994,divergence_or_no_condensation
E2,mixed,12.0,12.0,0.0,True,2.478381047506286,2.3159065097731264,0.0,0.0,-0.4836787309084478,weak,,True,0.3482587064676617,0.41791044776119407,True,False,0.12433230003807694,divergence_or_no_condensation
E2,mixed,15.0,15.0,0.0,True,2.790853091404405,2.03724510710746,0.0,0.0,-0.5981744281076886,weak,,True,0.3482587064676617,0.41791044776119407,True,False,0.11879219999536872,divergence_or_no_condensation
E2,mixed,20.0,20.0,0.0,True,3.285989166844509,1.7636826296967252,0.0,0.0,-0.7869970237830239,weak,,True,0.3482587064676617,0.41791044776119407,True,False,0.12676390004344285,divergence_or_no_condensation
E2,mixed,30.0,30.0,0.0,True,4.149438250100928,1.642566142771163,0.0,0.0,-1.1635065599813883,weak,,True,0.3482587064676617,0.41791044776119407,True,False,0.13290139997843653,divergence_or_no_condensation
